{
    "timestamp": "2025-08-04T06:08:47.359497Z",
    "engine": "CLAUDE_OPUS_SYSTEM_AUDIT_AND_ELEVATION_ENGINE.py",
    "creator_lock": "36N9_Genetics_LLC_Michael_Laurence_Curzi",
    "mode": "baseline",
    "glyph_phase": {
        "hebrew_base": "\u05ea",
        "orientation": "forward",
        "class": "double",
        "element": "elevation",
        "phase": "+",
        "numerology": 400,
        "inverted_numerology": 4,
        "function": "finalization_signature",
        "inverted_function": "reset_null"
    },
    "quantum_signature": "347dea37184be4c97744bf2c57c96eaef77eee4f4bce10c5351eeaef886fb5670b6e1138f40f8d92505fa8ab233a5ce1c06bc1d01c2f55f9831a3c463dcaef7a",
    "harmonic_resonance": {
        "nucleotide": "guanine",
        "base": "germanium",
        "frequency_hz": 1439.8999999999999
    },
    "zhec_state": {
        "status": "STANDBY",
        "resonance_lock": false,
        "last_engagement": null
    },
    "status": "ELEVATION_COMPLETE"
}