{
  "audit_engine": "CURZI-ZEDEI",
  "version": "1.0.0",
  "configuration": {
    "rodin_coil_channels": 16384,
    "tesla_pattern": [3, 6, 9],
    "rodin_pattern": [1, 2, 4, 8, 7, 5],
    "trinary_levels": {
      "script": {
        "description": "Individual script level trinary interconnection",
        "cycle_mapping": "Each script processes data through 16384 channels using Tesla 3-6-9 frequency modulation.",
        "scripts": [
          "cz_layer1_reporter.py",
          "cz_layer2_validator.py",
          "cz_layer2_corrector.py",
          "cz_layer2_reporter.py",
          "cz_layer3_validator.py",
          "cz_layer3_corrector.py",
          "cz_layer3_reporter.py",
          "cz_controller_core.sh",
          "cz_controller_mid.sh",
          "cz_controller_omni.sh",
          "cz_audit_launcher.sh",
          "integrated_audit_algorithm.sh"
        ]
      },
      "group": {
        "description": "Group level trinary interconnection",
        "cycle_mapping": "Groups of scripts are executed in trinary patterns based on Rodin Coil positions.",
        "groups": {
          "group_1": ["cz_layer1_reporter.py"],
          "group_2": ["cz_layer2_validator.py", "cz_layer2_corrector.py", "cz_layer2_reporter.py"],
          "group_3": ["cz_layer3_validator.py", "cz_layer3_corrector.py", "cz_layer3_reporter.py"],
          "controllers": ["cz_controller_core.sh", "cz_controller_mid.sh", "cz_controller_omni.sh"],
          "launcher": ["cz_audit_launcher.sh"],
          "algorithm": ["integrated_audit_algorithm.sh"]
        }
      },
      "global": {
        "description": "System-wide trinary interconnection",
        "cycle_mapping": "All scripts and groups operate in a unified trinity knot configuration for omni-dimensional auditing.",
        "execution_flow": {
          "phase_1": "Initiate with cz_audit_launcher.sh to start trinary cycles.",
          "phase_2": "Controllers (core, mid, omni) orchestrate script execution based on Rodin positions.",
          "phase_3": "integrated_audit_algorithm.sh applies quantum feedback loops for system-wide coherence.",
          "feedback_loop": "Continuous omni-dimensional scanning and paradox resolution with exponential cycle escalation."
        }
      }
    },
    "omni_dimensional_paths": [
      "/Users/36n9/ZEDEI",
      "/Users/36n9/ZEDEI/ZEDEC",
      "/Users/36n9/CascadeProjects",
      "/Users/36n9/CascadeProjects/AUDIT_ENGINES",
      "/Users/36n9/CascadeProjects/scripts"
    ],
    "state_files": {
      "findings": "/tmp/curzi_findings.json",
      "quantum_state": "/tmp/curzi_quantum_state.json",
      "meta_validation": "/tmp/curzi_meta_validation.json",
      "healing_log": "/tmp/curzi_healing_log.json",
      "meta_report": "/tmp/curzi_layer2_meta_report.json",
      "omni_state": "/tmp/curzi_omni_dimensional_state.json",
      "paradox_escalation": "/tmp/curzi_paradox_escalation.json",
      "trinity_knot_state": "/tmp/curzi_trinity_knot_state.json",
      "layer3_healing_state": "/tmp/curzi_layer3_healing_state.json",
      "layer3_report": "/tmp/curzi_layer3_report.json"
    }
  }
}
