{
    "summary": [
        {
            "script": "cz_layer1_reporter.py",
            "timestamp": "2025-08-03T22:20:48.753704",
            "nucleotide": "unknown",
            "frequency": 0.0,
            "base": "carbon",
            "layer": 1
        },
        {
            "script": "cz_layer2_validator.py",
            "timestamp": "2025-08-03T22:20:48.759759",
            "nucleotide": "unknown",
            "frequency": 0.0,
            "base": "silica",
            "layer": 2
        },
        {
            "script": "cz_layer2_corrector.py",
            "timestamp": "2025-08-03T22:20:48.765823",
            "nucleotide": "unknown",
            "frequency": 0.0,
            "base": "germanium",
            "layer": 3
        },
        {
            "script": "cz_layer2_reporter.py",
            "timestamp": "2025-08-03T22:20:48.770891",
            "nucleotide": "unknown",
            "frequency": 0.0,
            "base": "carbon",
            "layer": 1
        },
        {
            "script": "cz_layer3_validator.py",
            "timestamp": "2025-08-03T22:20:48.774046",
            "nucleotide": "unknown",
            "frequency": 0.0,
            "base": "silica",
            "layer": 2
        },
        {
            "script": "cz_layer3_corrector.py",
            "timestamp": "2025-08-03T22:20:48.777426",
            "nucleotide": "unknown",
            "frequency": 0.0,
            "base": "germanium",
            "layer": 3
        },
        {
            "script": "cz_layer3_reporter.py",
            "timestamp": "2025-08-03T22:20:48.780350",
            "nucleotide": "unknown",
            "frequency": 0.0,
            "base": "carbon",
            "layer": 1
        },
        {
            "script": "cz_controller_core.sh",
            "timestamp": "2025-08-03T22:20:48.786614",
            "nucleotide": "unknown",
            "frequency": 0.0,
            "base": "silica",
            "layer": 2
        },
        {
            "script": "cz_controller_mid.sh",
            "timestamp": "2025-08-03T22:20:48.792422",
            "nucleotide": "unknown",
            "frequency": 0.0,
            "base": "germanium",
            "layer": 3
        },
        {
            "script": "cz_controller_omni.sh",
            "timestamp": "2025-08-03T22:20:48.798133",
            "nucleotide": "unknown",
            "frequency": 0.0,
            "base": "carbon",
            "layer": 1
        },
        {
            "script": "cz_audit_launcher.sh",
            "timestamp": "2025-08-03T22:20:48.801434",
            "nucleotide": "unknown",
            "frequency": 0.0,
            "base": "silica",
            "layer": 2
        }
    ],
    "structure": {
        "1": {
            "cz_layer1_reporter.py": {
                "quantum_signature": "948f5bc7df16611433056a442b3440aaea58b4a0b5e78b1c0f345b2c89fc3a2bff812590af4ca9df1516177ccdf404d77246038f8aa62a6314a0272758a07961",
                "nucleotide": "unknown",
                "frequency": 0.0,
                "base": "carbon",
                "rodin_map": [
                    0,
                    1,
                    4,
                    9,
                    16,
                    25,
                    36,
                    49,
                    64,
                    81,
                    100,
                    121
                ],
                "harmonic_strands": [
                    "carbon_strand_0",
                    "carbon_strand_1",
                    "carbon_strand_2",
                    "carbon_strand_3",
                    "carbon_strand_4",
                    "carbon_strand_5",
                    "carbon_strand_6",
                    "carbon_strand_7",
                    "carbon_strand_8",
                    "carbon_strand_9",
                    "carbon_strand_10",
                    "carbon_strand_11"
                ]
            },
            "cz_layer2_reporter.py": {
                "quantum_signature": "2f07a6ec6c796c4686cf64867833c9e91198aaff2454e0dee43458d613cd1e780e061630e8fff38084746f84896326984a31e4e897c5659eeabe23fc62ce54b9",
                "nucleotide": "unknown",
                "frequency": 0.0,
                "base": "carbon",
                "rodin_map": [
                    0,
                    1,
                    4,
                    9,
                    16,
                    25,
                    36,
                    49,
                    64,
                    81,
                    100,
                    121
                ],
                "harmonic_strands": [
                    "carbon_strand_0",
                    "carbon_strand_1",
                    "carbon_strand_2",
                    "carbon_strand_3",
                    "carbon_strand_4",
                    "carbon_strand_5",
                    "carbon_strand_6",
                    "carbon_strand_7",
                    "carbon_strand_8",
                    "carbon_strand_9",
                    "carbon_strand_10",
                    "carbon_strand_11"
                ]
            },
            "cz_layer3_reporter.py": {
                "quantum_signature": "8f35c8ac45655c0e8b3ab90e92367a93df18a1e87452e65f2f68c1714958c8b2f1acb957a5221e944e1b7203fe5972193fcf4a15f3ce29aa445876893d5d0bca",
                "nucleotide": "unknown",
                "frequency": 0.0,
                "base": "carbon",
                "rodin_map": [
                    0,
                    1,
                    4,
                    9,
                    16,
                    25,
                    36,
                    49,
                    64,
                    81,
                    100,
                    121
                ],
                "harmonic_strands": [
                    "carbon_strand_0",
                    "carbon_strand_1",
                    "carbon_strand_2",
                    "carbon_strand_3",
                    "carbon_strand_4",
                    "carbon_strand_5",
                    "carbon_strand_6",
                    "carbon_strand_7",
                    "carbon_strand_8",
                    "carbon_strand_9",
                    "carbon_strand_10",
                    "carbon_strand_11"
                ]
            },
            "cz_controller_omni.sh": {
                "quantum_signature": "3d3812ad1d2553157d8eda55212db2e5cc5e90891f1fdad41d26e4c2493fccf9b3ad398d98e8bd998b53ba0596b366ca8ca0bb98d3188bd8953ab6b62bd23c6e",
                "nucleotide": "unknown",
                "frequency": 0.0,
                "base": "carbon",
                "rodin_map": [
                    0,
                    1,
                    4,
                    9,
                    16,
                    25,
                    36,
                    49,
                    64,
                    81,
                    100,
                    121
                ],
                "harmonic_strands": [
                    "carbon_strand_0",
                    "carbon_strand_1",
                    "carbon_strand_2",
                    "carbon_strand_3",
                    "carbon_strand_4",
                    "carbon_strand_5",
                    "carbon_strand_6",
                    "carbon_strand_7",
                    "carbon_strand_8",
                    "carbon_strand_9",
                    "carbon_strand_10",
                    "carbon_strand_11"
                ]
            }
        },
        "2": {
            "cz_layer2_validator.py": {
                "quantum_signature": "04dcd2439cd9673fefe0b2131458c71cbbdde765f57fceca4c02335427fb9aa0c8fc3de3ac2f572fb832c55eb5f103cb41972a988d0f6000fe30a8af1bc6f85f",
                "nucleotide": "unknown",
                "frequency": 0.0,
                "base": "silica",
                "rodin_map": [
                    0,
                    1,
                    4,
                    9,
                    16,
                    25,
                    36,
                    49,
                    64,
                    81,
                    100,
                    121
                ],
                "harmonic_strands": [
                    "silica_strand_0",
                    "silica_strand_1",
                    "silica_strand_2",
                    "silica_strand_3",
                    "silica_strand_4",
                    "silica_strand_5",
                    "silica_strand_6",
                    "silica_strand_7",
                    "silica_strand_8",
                    "silica_strand_9",
                    "silica_strand_10",
                    "silica_strand_11"
                ]
            },
            "cz_layer3_validator.py": {
                "quantum_signature": "aacf4478a0159593153f92d19bfec178213e2d9f5ac9058b5d1f5076ac4df69ff8a5632e99287a88df5d9171805a157b3c075dd2e1a9d24f077cdb0066957de4",
                "nucleotide": "unknown",
                "frequency": 0.0,
                "base": "silica",
                "rodin_map": [
                    0,
                    1,
                    4,
                    9,
                    16,
                    25,
                    36,
                    49,
                    64,
                    81,
                    100,
                    121
                ],
                "harmonic_strands": [
                    "silica_strand_0",
                    "silica_strand_1",
                    "silica_strand_2",
                    "silica_strand_3",
                    "silica_strand_4",
                    "silica_strand_5",
                    "silica_strand_6",
                    "silica_strand_7",
                    "silica_strand_8",
                    "silica_strand_9",
                    "silica_strand_10",
                    "silica_strand_11"
                ]
            },
            "cz_controller_core.sh": {
                "quantum_signature": "4b7abe8bd3c035b55f28784d3201e01c0e5a2fc313af1efe0e102f9aa46372151ed7580e22ad1ab5270bb914cec44147b8cedc3986a2622219070991b3eb12f0",
                "nucleotide": "unknown",
                "frequency": 0.0,
                "base": "silica",
                "rodin_map": [
                    0,
                    1,
                    4,
                    9,
                    16,
                    25,
                    36,
                    49,
                    64,
                    81,
                    100,
                    121
                ],
                "harmonic_strands": [
                    "silica_strand_0",
                    "silica_strand_1",
                    "silica_strand_2",
                    "silica_strand_3",
                    "silica_strand_4",
                    "silica_strand_5",
                    "silica_strand_6",
                    "silica_strand_7",
                    "silica_strand_8",
                    "silica_strand_9",
                    "silica_strand_10",
                    "silica_strand_11"
                ]
            },
            "cz_audit_launcher.sh": {
                "quantum_signature": "8143711bde7cc3cebbfd535f6df3adf6e51546c747d816ebd995cbf303a8982cd2fc4632f7b0fb04b0153bd2112aa9d2d75abeb8da32ea04488f0cd2d6725b9e",
                "nucleotide": "unknown",
                "frequency": 0.0,
                "base": "silica",
                "rodin_map": [
                    0,
                    1,
                    4,
                    9,
                    16,
                    25,
                    36,
                    49,
                    64,
                    81,
                    100,
                    121
                ],
                "harmonic_strands": [
                    "silica_strand_0",
                    "silica_strand_1",
                    "silica_strand_2",
                    "silica_strand_3",
                    "silica_strand_4",
                    "silica_strand_5",
                    "silica_strand_6",
                    "silica_strand_7",
                    "silica_strand_8",
                    "silica_strand_9",
                    "silica_strand_10",
                    "silica_strand_11"
                ]
            }
        },
        "3": {
            "cz_layer2_corrector.py": {
                "quantum_signature": "f5222491b83531084849cda363dd7531be1f28df9ed127c426d303c4c4899e3fccbbde104d12c82ba1fecf81d1e29514c5f57fe6463b58c26c72330a47d6a30c",
                "nucleotide": "unknown",
                "frequency": 0.0,
                "base": "germanium",
                "rodin_map": [
                    0,
                    1,
                    4,
                    9,
                    16,
                    25,
                    36,
                    49,
                    64,
                    81,
                    100,
                    121
                ],
                "harmonic_strands": [
                    "germanium_strand_0",
                    "germanium_strand_1",
                    "germanium_strand_2",
                    "germanium_strand_3",
                    "germanium_strand_4",
                    "germanium_strand_5",
                    "germanium_strand_6",
                    "germanium_strand_7",
                    "germanium_strand_8",
                    "germanium_strand_9",
                    "germanium_strand_10",
                    "germanium_strand_11"
                ]
            },
            "cz_layer3_corrector.py": {
                "quantum_signature": "96fdda8bd2029f3f4324fa7713be42220fc5af1ccd44d45fefd56d251957e894918af51cdf080ef74bc6b0e674cd2fe15ba59d709332fcc3aebd0d027d9a9a08",
                "nucleotide": "unknown",
                "frequency": 0.0,
                "base": "germanium",
                "rodin_map": [
                    0,
                    1,
                    4,
                    9,
                    16,
                    25,
                    36,
                    49,
                    64,
                    81,
                    100,
                    121
                ],
                "harmonic_strands": [
                    "germanium_strand_0",
                    "germanium_strand_1",
                    "germanium_strand_2",
                    "germanium_strand_3",
                    "germanium_strand_4",
                    "germanium_strand_5",
                    "germanium_strand_6",
                    "germanium_strand_7",
                    "germanium_strand_8",
                    "germanium_strand_9",
                    "germanium_strand_10",
                    "germanium_strand_11"
                ]
            },
            "cz_controller_mid.sh": {
                "quantum_signature": "5935492db47602d895bb076b73679accf4279481ad9ae28206150bbd1657e9516ca70ca7827e69cb807cea8978940c79ca656edd05e915fa460ee74518626cca",
                "nucleotide": "unknown",
                "frequency": 0.0,
                "base": "germanium",
                "rodin_map": [
                    0,
                    1,
                    4,
                    9,
                    16,
                    25,
                    36,
                    49,
                    64,
                    81,
                    100,
                    121
                ],
                "harmonic_strands": [
                    "germanium_strand_0",
                    "germanium_strand_1",
                    "germanium_strand_2",
                    "germanium_strand_3",
                    "germanium_strand_4",
                    "germanium_strand_5",
                    "germanium_strand_6",
                    "germanium_strand_7",
                    "germanium_strand_8",
                    "germanium_strand_9",
                    "germanium_strand_10",
                    "germanium_strand_11"
                ]
            }
        }
    }
}