{
    "summary": [
        {
            "script": "CLAUDE_OPUS_FULL_SYSTEM_AUDIT.py",
            "status": "not_found"
        },
        {
            "script": "CLAUDE_OPUS_RECURSIVE_ANALYSIS_ENGINE_V1_1.py",
            "status": "not_found"
        },
        {
            "script": "CLAUDE_OPUS_SYSTEM_AUDIT_AND_ELEVATION_ENGINE.py",
            "status": "not_found"
        },
        {
            "script": "CLAUDE_OPUS_RECURSIVE_ANALYSIS_ENGINE.py",
            "status": "not_found"
        },
        {
            "script": "CLAUDE_OPUS_DEPLOYMENT_SUPERVISORS.py",
            "status": "not_found"
        },
        {
            "script": "AUDIT_REMEDIATION_ENGINE.py",
            "status": "not_found"
        },
        {
            "script": "cz_layer1_reporter.py",
            "timestamp": "2025-08-03T22:23:06.124829",
            "status": "audited",
            "layer": 1,
            "base": "carbon",
            "nucleotide": "N97",
            "harmonic_channel": 6
        },
        {
            "script": "cz_layer2_validator.py",
            "timestamp": "2025-08-03T22:23:06.125559",
            "status": "audited",
            "layer": 2,
            "base": "silica",
            "nucleotide": "N95",
            "harmonic_channel": 0
        },
        {
            "script": "cz_layer2_corrector.py",
            "timestamp": "2025-08-03T22:23:06.126141",
            "status": "audited",
            "layer": 3,
            "base": "germanium",
            "nucleotide": "N12",
            "harmonic_channel": 16
        },
        {
            "script": "cz_layer2_reporter.py",
            "timestamp": "2025-08-03T22:23:06.126963",
            "status": "audited",
            "layer": 1,
            "base": "carbon",
            "nucleotide": "N57",
            "harmonic_channel": 8
        },
        {
            "script": "cz_layer3_validator.py",
            "timestamp": "2025-08-03T22:23:06.127371",
            "status": "audited",
            "layer": 2,
            "base": "silica",
            "nucleotide": "N100",
            "harmonic_channel": 17
        },
        {
            "script": "cz_layer3_corrector.py",
            "timestamp": "2025-08-03T22:23:06.128765",
            "status": "audited",
            "layer": 3,
            "base": "germanium",
            "nucleotide": "N8",
            "harmonic_channel": 0
        },
        {
            "script": "cz_layer3_reporter.py",
            "timestamp": "2025-08-03T22:23:06.129336",
            "status": "audited",
            "layer": 1,
            "base": "carbon",
            "nucleotide": "N74",
            "harmonic_channel": 5
        },
        {
            "script": "cz_controller_core.sh",
            "timestamp": "2025-08-03T22:23:06.130001",
            "status": "audited",
            "layer": 2,
            "base": "silica",
            "nucleotide": "N112",
            "harmonic_channel": 15
        },
        {
            "script": "cz_controller_mid.sh",
            "timestamp": "2025-08-03T22:23:06.130812",
            "status": "audited",
            "layer": 3,
            "base": "germanium",
            "nucleotide": "N74",
            "harmonic_channel": 10
        },
        {
            "script": "cz_controller_omni.sh",
            "timestamp": "2025-08-03T22:23:06.132144",
            "status": "audited",
            "layer": 1,
            "base": "carbon",
            "nucleotide": "N110",
            "harmonic_channel": 12
        },
        {
            "script": "cz_audit_launcher.sh",
            "timestamp": "2025-08-03T22:23:06.132356",
            "status": "audited",
            "layer": 2,
            "base": "silica",
            "nucleotide": "N30",
            "harmonic_channel": 4
        }
    ],
    "structure": {
        "1": {
            "cz_layer1_reporter.py": {
                "quantum_signature": "948f5bc7df16611433056a442b3440aaea58b4a0b5e78b1c0f345b2c89fc3a2bff812590af4ca9df1516177ccdf404d77246038f8aa62a6314a0272758a07961",
                "base": "carbon",
                "layer": 1,
                "128_nucleotide_system": {
                    "nucleotide": "N97",
                    "base_type": "carbon"
                },
                "harmonic_analysis": {
                    "harmonic_channel": 6,
                    "hebrew_letter": "Nun",
                    "6_bit_triplet_code": "111001"
                },
                "strand_matrix_12x12": {
                    "strand_0": [
                        "carbon_sub_strand_0_0",
                        "carbon_sub_strand_0_1",
                        "carbon_sub_strand_0_2",
                        "carbon_sub_strand_0_3",
                        "carbon_sub_strand_0_4",
                        "carbon_sub_strand_0_5",
                        "carbon_sub_strand_0_6",
                        "carbon_sub_strand_0_7",
                        "carbon_sub_strand_0_8",
                        "carbon_sub_strand_0_9",
                        "carbon_sub_strand_0_10",
                        "carbon_sub_strand_0_11"
                    ],
                    "strand_1": [
                        "carbon_sub_strand_1_0",
                        "carbon_sub_strand_1_1",
                        "carbon_sub_strand_1_2",
                        "carbon_sub_strand_1_3",
                        "carbon_sub_strand_1_4",
                        "carbon_sub_strand_1_5",
                        "carbon_sub_strand_1_6",
                        "carbon_sub_strand_1_7",
                        "carbon_sub_strand_1_8",
                        "carbon_sub_strand_1_9",
                        "carbon_sub_strand_1_10",
                        "carbon_sub_strand_1_11"
                    ],
                    "strand_2": [
                        "carbon_sub_strand_2_0",
                        "carbon_sub_strand_2_1",
                        "carbon_sub_strand_2_2",
                        "carbon_sub_strand_2_3",
                        "carbon_sub_strand_2_4",
                        "carbon_sub_strand_2_5",
                        "carbon_sub_strand_2_6",
                        "carbon_sub_strand_2_7",
                        "carbon_sub_strand_2_8",
                        "carbon_sub_strand_2_9",
                        "carbon_sub_strand_2_10",
                        "carbon_sub_strand_2_11"
                    ],
                    "strand_3": [
                        "carbon_sub_strand_3_0",
                        "carbon_sub_strand_3_1",
                        "carbon_sub_strand_3_2",
                        "carbon_sub_strand_3_3",
                        "carbon_sub_strand_3_4",
                        "carbon_sub_strand_3_5",
                        "carbon_sub_strand_3_6",
                        "carbon_sub_strand_3_7",
                        "carbon_sub_strand_3_8",
                        "carbon_sub_strand_3_9",
                        "carbon_sub_strand_3_10",
                        "carbon_sub_strand_3_11"
                    ],
                    "strand_4": [
                        "carbon_sub_strand_4_0",
                        "carbon_sub_strand_4_1",
                        "carbon_sub_strand_4_2",
                        "carbon_sub_strand_4_3",
                        "carbon_sub_strand_4_4",
                        "carbon_sub_strand_4_5",
                        "carbon_sub_strand_4_6",
                        "carbon_sub_strand_4_7",
                        "carbon_sub_strand_4_8",
                        "carbon_sub_strand_4_9",
                        "carbon_sub_strand_4_10",
                        "carbon_sub_strand_4_11"
                    ],
                    "strand_5": [
                        "carbon_sub_strand_5_0",
                        "carbon_sub_strand_5_1",
                        "carbon_sub_strand_5_2",
                        "carbon_sub_strand_5_3",
                        "carbon_sub_strand_5_4",
                        "carbon_sub_strand_5_5",
                        "carbon_sub_strand_5_6",
                        "carbon_sub_strand_5_7",
                        "carbon_sub_strand_5_8",
                        "carbon_sub_strand_5_9",
                        "carbon_sub_strand_5_10",
                        "carbon_sub_strand_5_11"
                    ],
                    "strand_6": [
                        "carbon_sub_strand_6_0",
                        "carbon_sub_strand_6_1",
                        "carbon_sub_strand_6_2",
                        "carbon_sub_strand_6_3",
                        "carbon_sub_strand_6_4",
                        "carbon_sub_strand_6_5",
                        "carbon_sub_strand_6_6",
                        "carbon_sub_strand_6_7",
                        "carbon_sub_strand_6_8",
                        "carbon_sub_strand_6_9",
                        "carbon_sub_strand_6_10",
                        "carbon_sub_strand_6_11"
                    ],
                    "strand_7": [
                        "carbon_sub_strand_7_0",
                        "carbon_sub_strand_7_1",
                        "carbon_sub_strand_7_2",
                        "carbon_sub_strand_7_3",
                        "carbon_sub_strand_7_4",
                        "carbon_sub_strand_7_5",
                        "carbon_sub_strand_7_6",
                        "carbon_sub_strand_7_7",
                        "carbon_sub_strand_7_8",
                        "carbon_sub_strand_7_9",
                        "carbon_sub_strand_7_10",
                        "carbon_sub_strand_7_11"
                    ],
                    "strand_8": [
                        "carbon_sub_strand_8_0",
                        "carbon_sub_strand_8_1",
                        "carbon_sub_strand_8_2",
                        "carbon_sub_strand_8_3",
                        "carbon_sub_strand_8_4",
                        "carbon_sub_strand_8_5",
                        "carbon_sub_strand_8_6",
                        "carbon_sub_strand_8_7",
                        "carbon_sub_strand_8_8",
                        "carbon_sub_strand_8_9",
                        "carbon_sub_strand_8_10",
                        "carbon_sub_strand_8_11"
                    ],
                    "strand_9": [
                        "carbon_sub_strand_9_0",
                        "carbon_sub_strand_9_1",
                        "carbon_sub_strand_9_2",
                        "carbon_sub_strand_9_3",
                        "carbon_sub_strand_9_4",
                        "carbon_sub_strand_9_5",
                        "carbon_sub_strand_9_6",
                        "carbon_sub_strand_9_7",
                        "carbon_sub_strand_9_8",
                        "carbon_sub_strand_9_9",
                        "carbon_sub_strand_9_10",
                        "carbon_sub_strand_9_11"
                    ],
                    "strand_10": [
                        "carbon_sub_strand_10_0",
                        "carbon_sub_strand_10_1",
                        "carbon_sub_strand_10_2",
                        "carbon_sub_strand_10_3",
                        "carbon_sub_strand_10_4",
                        "carbon_sub_strand_10_5",
                        "carbon_sub_strand_10_6",
                        "carbon_sub_strand_10_7",
                        "carbon_sub_strand_10_8",
                        "carbon_sub_strand_10_9",
                        "carbon_sub_strand_10_10",
                        "carbon_sub_strand_10_11"
                    ],
                    "strand_11": [
                        "carbon_sub_strand_11_0",
                        "carbon_sub_strand_11_1",
                        "carbon_sub_strand_11_2",
                        "carbon_sub_strand_11_3",
                        "carbon_sub_strand_11_4",
                        "carbon_sub_strand_11_5",
                        "carbon_sub_strand_11_6",
                        "carbon_sub_strand_11_7",
                        "carbon_sub_strand_11_8",
                        "carbon_sub_strand_11_9",
                        "carbon_sub_strand_11_10",
                        "carbon_sub_strand_11_11"
                    ]
                }
            },
            "cz_layer2_reporter.py": {
                "quantum_signature": "2f07a6ec6c796c4686cf64867833c9e91198aaff2454e0dee43458d613cd1e780e061630e8fff38084746f84896326984a31e4e897c5659eeabe23fc62ce54b9",
                "base": "carbon",
                "layer": 1,
                "128_nucleotide_system": {
                    "nucleotide": "N57",
                    "base_type": "carbon"
                },
                "harmonic_analysis": {
                    "harmonic_channel": 8,
                    "hebrew_letter": "Shin",
                    "6_bit_triplet_code": "010100"
                },
                "strand_matrix_12x12": {
                    "strand_0": [
                        "carbon_sub_strand_0_0",
                        "carbon_sub_strand_0_1",
                        "carbon_sub_strand_0_2",
                        "carbon_sub_strand_0_3",
                        "carbon_sub_strand_0_4",
                        "carbon_sub_strand_0_5",
                        "carbon_sub_strand_0_6",
                        "carbon_sub_strand_0_7",
                        "carbon_sub_strand_0_8",
                        "carbon_sub_strand_0_9",
                        "carbon_sub_strand_0_10",
                        "carbon_sub_strand_0_11"
                    ],
                    "strand_1": [
                        "carbon_sub_strand_1_0",
                        "carbon_sub_strand_1_1",
                        "carbon_sub_strand_1_2",
                        "carbon_sub_strand_1_3",
                        "carbon_sub_strand_1_4",
                        "carbon_sub_strand_1_5",
                        "carbon_sub_strand_1_6",
                        "carbon_sub_strand_1_7",
                        "carbon_sub_strand_1_8",
                        "carbon_sub_strand_1_9",
                        "carbon_sub_strand_1_10",
                        "carbon_sub_strand_1_11"
                    ],
                    "strand_2": [
                        "carbon_sub_strand_2_0",
                        "carbon_sub_strand_2_1",
                        "carbon_sub_strand_2_2",
                        "carbon_sub_strand_2_3",
                        "carbon_sub_strand_2_4",
                        "carbon_sub_strand_2_5",
                        "carbon_sub_strand_2_6",
                        "carbon_sub_strand_2_7",
                        "carbon_sub_strand_2_8",
                        "carbon_sub_strand_2_9",
                        "carbon_sub_strand_2_10",
                        "carbon_sub_strand_2_11"
                    ],
                    "strand_3": [
                        "carbon_sub_strand_3_0",
                        "carbon_sub_strand_3_1",
                        "carbon_sub_strand_3_2",
                        "carbon_sub_strand_3_3",
                        "carbon_sub_strand_3_4",
                        "carbon_sub_strand_3_5",
                        "carbon_sub_strand_3_6",
                        "carbon_sub_strand_3_7",
                        "carbon_sub_strand_3_8",
                        "carbon_sub_strand_3_9",
                        "carbon_sub_strand_3_10",
                        "carbon_sub_strand_3_11"
                    ],
                    "strand_4": [
                        "carbon_sub_strand_4_0",
                        "carbon_sub_strand_4_1",
                        "carbon_sub_strand_4_2",
                        "carbon_sub_strand_4_3",
                        "carbon_sub_strand_4_4",
                        "carbon_sub_strand_4_5",
                        "carbon_sub_strand_4_6",
                        "carbon_sub_strand_4_7",
                        "carbon_sub_strand_4_8",
                        "carbon_sub_strand_4_9",
                        "carbon_sub_strand_4_10",
                        "carbon_sub_strand_4_11"
                    ],
                    "strand_5": [
                        "carbon_sub_strand_5_0",
                        "carbon_sub_strand_5_1",
                        "carbon_sub_strand_5_2",
                        "carbon_sub_strand_5_3",
                        "carbon_sub_strand_5_4",
                        "carbon_sub_strand_5_5",
                        "carbon_sub_strand_5_6",
                        "carbon_sub_strand_5_7",
                        "carbon_sub_strand_5_8",
                        "carbon_sub_strand_5_9",
                        "carbon_sub_strand_5_10",
                        "carbon_sub_strand_5_11"
                    ],
                    "strand_6": [
                        "carbon_sub_strand_6_0",
                        "carbon_sub_strand_6_1",
                        "carbon_sub_strand_6_2",
                        "carbon_sub_strand_6_3",
                        "carbon_sub_strand_6_4",
                        "carbon_sub_strand_6_5",
                        "carbon_sub_strand_6_6",
                        "carbon_sub_strand_6_7",
                        "carbon_sub_strand_6_8",
                        "carbon_sub_strand_6_9",
                        "carbon_sub_strand_6_10",
                        "carbon_sub_strand_6_11"
                    ],
                    "strand_7": [
                        "carbon_sub_strand_7_0",
                        "carbon_sub_strand_7_1",
                        "carbon_sub_strand_7_2",
                        "carbon_sub_strand_7_3",
                        "carbon_sub_strand_7_4",
                        "carbon_sub_strand_7_5",
                        "carbon_sub_strand_7_6",
                        "carbon_sub_strand_7_7",
                        "carbon_sub_strand_7_8",
                        "carbon_sub_strand_7_9",
                        "carbon_sub_strand_7_10",
                        "carbon_sub_strand_7_11"
                    ],
                    "strand_8": [
                        "carbon_sub_strand_8_0",
                        "carbon_sub_strand_8_1",
                        "carbon_sub_strand_8_2",
                        "carbon_sub_strand_8_3",
                        "carbon_sub_strand_8_4",
                        "carbon_sub_strand_8_5",
                        "carbon_sub_strand_8_6",
                        "carbon_sub_strand_8_7",
                        "carbon_sub_strand_8_8",
                        "carbon_sub_strand_8_9",
                        "carbon_sub_strand_8_10",
                        "carbon_sub_strand_8_11"
                    ],
                    "strand_9": [
                        "carbon_sub_strand_9_0",
                        "carbon_sub_strand_9_1",
                        "carbon_sub_strand_9_2",
                        "carbon_sub_strand_9_3",
                        "carbon_sub_strand_9_4",
                        "carbon_sub_strand_9_5",
                        "carbon_sub_strand_9_6",
                        "carbon_sub_strand_9_7",
                        "carbon_sub_strand_9_8",
                        "carbon_sub_strand_9_9",
                        "carbon_sub_strand_9_10",
                        "carbon_sub_strand_9_11"
                    ],
                    "strand_10": [
                        "carbon_sub_strand_10_0",
                        "carbon_sub_strand_10_1",
                        "carbon_sub_strand_10_2",
                        "carbon_sub_strand_10_3",
                        "carbon_sub_strand_10_4",
                        "carbon_sub_strand_10_5",
                        "carbon_sub_strand_10_6",
                        "carbon_sub_strand_10_7",
                        "carbon_sub_strand_10_8",
                        "carbon_sub_strand_10_9",
                        "carbon_sub_strand_10_10",
                        "carbon_sub_strand_10_11"
                    ],
                    "strand_11": [
                        "carbon_sub_strand_11_0",
                        "carbon_sub_strand_11_1",
                        "carbon_sub_strand_11_2",
                        "carbon_sub_strand_11_3",
                        "carbon_sub_strand_11_4",
                        "carbon_sub_strand_11_5",
                        "carbon_sub_strand_11_6",
                        "carbon_sub_strand_11_7",
                        "carbon_sub_strand_11_8",
                        "carbon_sub_strand_11_9",
                        "carbon_sub_strand_11_10",
                        "carbon_sub_strand_11_11"
                    ]
                }
            },
            "cz_layer3_reporter.py": {
                "quantum_signature": "8f35c8ac45655c0e8b3ab90e92367a93df18a1e87452e65f2f68c1714958c8b2f1acb957a5221e944e1b7203fe5972193fcf4a15f3ce29aa445876893d5d0bca",
                "base": "carbon",
                "layer": 1,
                "128_nucleotide_system": {
                    "nucleotide": "N74",
                    "base_type": "carbon"
                },
                "harmonic_analysis": {
                    "harmonic_channel": 5,
                    "hebrew_letter": "Lamed",
                    "6_bit_triplet_code": "001011"
                },
                "strand_matrix_12x12": {
                    "strand_0": [
                        "carbon_sub_strand_0_0",
                        "carbon_sub_strand_0_1",
                        "carbon_sub_strand_0_2",
                        "carbon_sub_strand_0_3",
                        "carbon_sub_strand_0_4",
                        "carbon_sub_strand_0_5",
                        "carbon_sub_strand_0_6",
                        "carbon_sub_strand_0_7",
                        "carbon_sub_strand_0_8",
                        "carbon_sub_strand_0_9",
                        "carbon_sub_strand_0_10",
                        "carbon_sub_strand_0_11"
                    ],
                    "strand_1": [
                        "carbon_sub_strand_1_0",
                        "carbon_sub_strand_1_1",
                        "carbon_sub_strand_1_2",
                        "carbon_sub_strand_1_3",
                        "carbon_sub_strand_1_4",
                        "carbon_sub_strand_1_5",
                        "carbon_sub_strand_1_6",
                        "carbon_sub_strand_1_7",
                        "carbon_sub_strand_1_8",
                        "carbon_sub_strand_1_9",
                        "carbon_sub_strand_1_10",
                        "carbon_sub_strand_1_11"
                    ],
                    "strand_2": [
                        "carbon_sub_strand_2_0",
                        "carbon_sub_strand_2_1",
                        "carbon_sub_strand_2_2",
                        "carbon_sub_strand_2_3",
                        "carbon_sub_strand_2_4",
                        "carbon_sub_strand_2_5",
                        "carbon_sub_strand_2_6",
                        "carbon_sub_strand_2_7",
                        "carbon_sub_strand_2_8",
                        "carbon_sub_strand_2_9",
                        "carbon_sub_strand_2_10",
                        "carbon_sub_strand_2_11"
                    ],
                    "strand_3": [
                        "carbon_sub_strand_3_0",
                        "carbon_sub_strand_3_1",
                        "carbon_sub_strand_3_2",
                        "carbon_sub_strand_3_3",
                        "carbon_sub_strand_3_4",
                        "carbon_sub_strand_3_5",
                        "carbon_sub_strand_3_6",
                        "carbon_sub_strand_3_7",
                        "carbon_sub_strand_3_8",
                        "carbon_sub_strand_3_9",
                        "carbon_sub_strand_3_10",
                        "carbon_sub_strand_3_11"
                    ],
                    "strand_4": [
                        "carbon_sub_strand_4_0",
                        "carbon_sub_strand_4_1",
                        "carbon_sub_strand_4_2",
                        "carbon_sub_strand_4_3",
                        "carbon_sub_strand_4_4",
                        "carbon_sub_strand_4_5",
                        "carbon_sub_strand_4_6",
                        "carbon_sub_strand_4_7",
                        "carbon_sub_strand_4_8",
                        "carbon_sub_strand_4_9",
                        "carbon_sub_strand_4_10",
                        "carbon_sub_strand_4_11"
                    ],
                    "strand_5": [
                        "carbon_sub_strand_5_0",
                        "carbon_sub_strand_5_1",
                        "carbon_sub_strand_5_2",
                        "carbon_sub_strand_5_3",
                        "carbon_sub_strand_5_4",
                        "carbon_sub_strand_5_5",
                        "carbon_sub_strand_5_6",
                        "carbon_sub_strand_5_7",
                        "carbon_sub_strand_5_8",
                        "carbon_sub_strand_5_9",
                        "carbon_sub_strand_5_10",
                        "carbon_sub_strand_5_11"
                    ],
                    "strand_6": [
                        "carbon_sub_strand_6_0",
                        "carbon_sub_strand_6_1",
                        "carbon_sub_strand_6_2",
                        "carbon_sub_strand_6_3",
                        "carbon_sub_strand_6_4",
                        "carbon_sub_strand_6_5",
                        "carbon_sub_strand_6_6",
                        "carbon_sub_strand_6_7",
                        "carbon_sub_strand_6_8",
                        "carbon_sub_strand_6_9",
                        "carbon_sub_strand_6_10",
                        "carbon_sub_strand_6_11"
                    ],
                    "strand_7": [
                        "carbon_sub_strand_7_0",
                        "carbon_sub_strand_7_1",
                        "carbon_sub_strand_7_2",
                        "carbon_sub_strand_7_3",
                        "carbon_sub_strand_7_4",
                        "carbon_sub_strand_7_5",
                        "carbon_sub_strand_7_6",
                        "carbon_sub_strand_7_7",
                        "carbon_sub_strand_7_8",
                        "carbon_sub_strand_7_9",
                        "carbon_sub_strand_7_10",
                        "carbon_sub_strand_7_11"
                    ],
                    "strand_8": [
                        "carbon_sub_strand_8_0",
                        "carbon_sub_strand_8_1",
                        "carbon_sub_strand_8_2",
                        "carbon_sub_strand_8_3",
                        "carbon_sub_strand_8_4",
                        "carbon_sub_strand_8_5",
                        "carbon_sub_strand_8_6",
                        "carbon_sub_strand_8_7",
                        "carbon_sub_strand_8_8",
                        "carbon_sub_strand_8_9",
                        "carbon_sub_strand_8_10",
                        "carbon_sub_strand_8_11"
                    ],
                    "strand_9": [
                        "carbon_sub_strand_9_0",
                        "carbon_sub_strand_9_1",
                        "carbon_sub_strand_9_2",
                        "carbon_sub_strand_9_3",
                        "carbon_sub_strand_9_4",
                        "carbon_sub_strand_9_5",
                        "carbon_sub_strand_9_6",
                        "carbon_sub_strand_9_7",
                        "carbon_sub_strand_9_8",
                        "carbon_sub_strand_9_9",
                        "carbon_sub_strand_9_10",
                        "carbon_sub_strand_9_11"
                    ],
                    "strand_10": [
                        "carbon_sub_strand_10_0",
                        "carbon_sub_strand_10_1",
                        "carbon_sub_strand_10_2",
                        "carbon_sub_strand_10_3",
                        "carbon_sub_strand_10_4",
                        "carbon_sub_strand_10_5",
                        "carbon_sub_strand_10_6",
                        "carbon_sub_strand_10_7",
                        "carbon_sub_strand_10_8",
                        "carbon_sub_strand_10_9",
                        "carbon_sub_strand_10_10",
                        "carbon_sub_strand_10_11"
                    ],
                    "strand_11": [
                        "carbon_sub_strand_11_0",
                        "carbon_sub_strand_11_1",
                        "carbon_sub_strand_11_2",
                        "carbon_sub_strand_11_3",
                        "carbon_sub_strand_11_4",
                        "carbon_sub_strand_11_5",
                        "carbon_sub_strand_11_6",
                        "carbon_sub_strand_11_7",
                        "carbon_sub_strand_11_8",
                        "carbon_sub_strand_11_9",
                        "carbon_sub_strand_11_10",
                        "carbon_sub_strand_11_11"
                    ]
                }
            },
            "cz_controller_omni.sh": {
                "quantum_signature": "3d3812ad1d2553157d8eda55212db2e5cc5e90891f1fdad41d26e4c2493fccf9b3ad398d98e8bd998b53ba0596b366ca8ca0bb98d3188bd8953ab6b62bd23c6e",
                "base": "carbon",
                "layer": 1,
                "128_nucleotide_system": {
                    "nucleotide": "N110",
                    "base_type": "carbon"
                },
                "harmonic_analysis": {
                    "harmonic_channel": 12,
                    "hebrew_letter": "Pe",
                    "6_bit_triplet_code": "111100"
                },
                "strand_matrix_12x12": {
                    "strand_0": [
                        "carbon_sub_strand_0_0",
                        "carbon_sub_strand_0_1",
                        "carbon_sub_strand_0_2",
                        "carbon_sub_strand_0_3",
                        "carbon_sub_strand_0_4",
                        "carbon_sub_strand_0_5",
                        "carbon_sub_strand_0_6",
                        "carbon_sub_strand_0_7",
                        "carbon_sub_strand_0_8",
                        "carbon_sub_strand_0_9",
                        "carbon_sub_strand_0_10",
                        "carbon_sub_strand_0_11"
                    ],
                    "strand_1": [
                        "carbon_sub_strand_1_0",
                        "carbon_sub_strand_1_1",
                        "carbon_sub_strand_1_2",
                        "carbon_sub_strand_1_3",
                        "carbon_sub_strand_1_4",
                        "carbon_sub_strand_1_5",
                        "carbon_sub_strand_1_6",
                        "carbon_sub_strand_1_7",
                        "carbon_sub_strand_1_8",
                        "carbon_sub_strand_1_9",
                        "carbon_sub_strand_1_10",
                        "carbon_sub_strand_1_11"
                    ],
                    "strand_2": [
                        "carbon_sub_strand_2_0",
                        "carbon_sub_strand_2_1",
                        "carbon_sub_strand_2_2",
                        "carbon_sub_strand_2_3",
                        "carbon_sub_strand_2_4",
                        "carbon_sub_strand_2_5",
                        "carbon_sub_strand_2_6",
                        "carbon_sub_strand_2_7",
                        "carbon_sub_strand_2_8",
                        "carbon_sub_strand_2_9",
                        "carbon_sub_strand_2_10",
                        "carbon_sub_strand_2_11"
                    ],
                    "strand_3": [
                        "carbon_sub_strand_3_0",
                        "carbon_sub_strand_3_1",
                        "carbon_sub_strand_3_2",
                        "carbon_sub_strand_3_3",
                        "carbon_sub_strand_3_4",
                        "carbon_sub_strand_3_5",
                        "carbon_sub_strand_3_6",
                        "carbon_sub_strand_3_7",
                        "carbon_sub_strand_3_8",
                        "carbon_sub_strand_3_9",
                        "carbon_sub_strand_3_10",
                        "carbon_sub_strand_3_11"
                    ],
                    "strand_4": [
                        "carbon_sub_strand_4_0",
                        "carbon_sub_strand_4_1",
                        "carbon_sub_strand_4_2",
                        "carbon_sub_strand_4_3",
                        "carbon_sub_strand_4_4",
                        "carbon_sub_strand_4_5",
                        "carbon_sub_strand_4_6",
                        "carbon_sub_strand_4_7",
                        "carbon_sub_strand_4_8",
                        "carbon_sub_strand_4_9",
                        "carbon_sub_strand_4_10",
                        "carbon_sub_strand_4_11"
                    ],
                    "strand_5": [
                        "carbon_sub_strand_5_0",
                        "carbon_sub_strand_5_1",
                        "carbon_sub_strand_5_2",
                        "carbon_sub_strand_5_3",
                        "carbon_sub_strand_5_4",
                        "carbon_sub_strand_5_5",
                        "carbon_sub_strand_5_6",
                        "carbon_sub_strand_5_7",
                        "carbon_sub_strand_5_8",
                        "carbon_sub_strand_5_9",
                        "carbon_sub_strand_5_10",
                        "carbon_sub_strand_5_11"
                    ],
                    "strand_6": [
                        "carbon_sub_strand_6_0",
                        "carbon_sub_strand_6_1",
                        "carbon_sub_strand_6_2",
                        "carbon_sub_strand_6_3",
                        "carbon_sub_strand_6_4",
                        "carbon_sub_strand_6_5",
                        "carbon_sub_strand_6_6",
                        "carbon_sub_strand_6_7",
                        "carbon_sub_strand_6_8",
                        "carbon_sub_strand_6_9",
                        "carbon_sub_strand_6_10",
                        "carbon_sub_strand_6_11"
                    ],
                    "strand_7": [
                        "carbon_sub_strand_7_0",
                        "carbon_sub_strand_7_1",
                        "carbon_sub_strand_7_2",
                        "carbon_sub_strand_7_3",
                        "carbon_sub_strand_7_4",
                        "carbon_sub_strand_7_5",
                        "carbon_sub_strand_7_6",
                        "carbon_sub_strand_7_7",
                        "carbon_sub_strand_7_8",
                        "carbon_sub_strand_7_9",
                        "carbon_sub_strand_7_10",
                        "carbon_sub_strand_7_11"
                    ],
                    "strand_8": [
                        "carbon_sub_strand_8_0",
                        "carbon_sub_strand_8_1",
                        "carbon_sub_strand_8_2",
                        "carbon_sub_strand_8_3",
                        "carbon_sub_strand_8_4",
                        "carbon_sub_strand_8_5",
                        "carbon_sub_strand_8_6",
                        "carbon_sub_strand_8_7",
                        "carbon_sub_strand_8_8",
                        "carbon_sub_strand_8_9",
                        "carbon_sub_strand_8_10",
                        "carbon_sub_strand_8_11"
                    ],
                    "strand_9": [
                        "carbon_sub_strand_9_0",
                        "carbon_sub_strand_9_1",
                        "carbon_sub_strand_9_2",
                        "carbon_sub_strand_9_3",
                        "carbon_sub_strand_9_4",
                        "carbon_sub_strand_9_5",
                        "carbon_sub_strand_9_6",
                        "carbon_sub_strand_9_7",
                        "carbon_sub_strand_9_8",
                        "carbon_sub_strand_9_9",
                        "carbon_sub_strand_9_10",
                        "carbon_sub_strand_9_11"
                    ],
                    "strand_10": [
                        "carbon_sub_strand_10_0",
                        "carbon_sub_strand_10_1",
                        "carbon_sub_strand_10_2",
                        "carbon_sub_strand_10_3",
                        "carbon_sub_strand_10_4",
                        "carbon_sub_strand_10_5",
                        "carbon_sub_strand_10_6",
                        "carbon_sub_strand_10_7",
                        "carbon_sub_strand_10_8",
                        "carbon_sub_strand_10_9",
                        "carbon_sub_strand_10_10",
                        "carbon_sub_strand_10_11"
                    ],
                    "strand_11": [
                        "carbon_sub_strand_11_0",
                        "carbon_sub_strand_11_1",
                        "carbon_sub_strand_11_2",
                        "carbon_sub_strand_11_3",
                        "carbon_sub_strand_11_4",
                        "carbon_sub_strand_11_5",
                        "carbon_sub_strand_11_6",
                        "carbon_sub_strand_11_7",
                        "carbon_sub_strand_11_8",
                        "carbon_sub_strand_11_9",
                        "carbon_sub_strand_11_10",
                        "carbon_sub_strand_11_11"
                    ]
                }
            }
        },
        "2": {
            "cz_layer2_validator.py": {
                "quantum_signature": "04dcd2439cd9673fefe0b2131458c71cbbdde765f57fceca4c02335427fb9aa0c8fc3de3ac2f572fb832c55eb5f103cb41972a988d0f6000fe30a8af1bc6f85f",
                "base": "silica",
                "layer": 2,
                "128_nucleotide_system": {
                    "nucleotide": "N95",
                    "base_type": "silica"
                },
                "harmonic_analysis": {
                    "harmonic_channel": 0,
                    "hebrew_letter": "Mem",
                    "6_bit_triplet_code": "111000"
                },
                "strand_matrix_12x12": {
                    "strand_0": [
                        "silica_sub_strand_0_0",
                        "silica_sub_strand_0_1",
                        "silica_sub_strand_0_2",
                        "silica_sub_strand_0_3",
                        "silica_sub_strand_0_4",
                        "silica_sub_strand_0_5",
                        "silica_sub_strand_0_6",
                        "silica_sub_strand_0_7",
                        "silica_sub_strand_0_8",
                        "silica_sub_strand_0_9",
                        "silica_sub_strand_0_10",
                        "silica_sub_strand_0_11"
                    ],
                    "strand_1": [
                        "silica_sub_strand_1_0",
                        "silica_sub_strand_1_1",
                        "silica_sub_strand_1_2",
                        "silica_sub_strand_1_3",
                        "silica_sub_strand_1_4",
                        "silica_sub_strand_1_5",
                        "silica_sub_strand_1_6",
                        "silica_sub_strand_1_7",
                        "silica_sub_strand_1_8",
                        "silica_sub_strand_1_9",
                        "silica_sub_strand_1_10",
                        "silica_sub_strand_1_11"
                    ],
                    "strand_2": [
                        "silica_sub_strand_2_0",
                        "silica_sub_strand_2_1",
                        "silica_sub_strand_2_2",
                        "silica_sub_strand_2_3",
                        "silica_sub_strand_2_4",
                        "silica_sub_strand_2_5",
                        "silica_sub_strand_2_6",
                        "silica_sub_strand_2_7",
                        "silica_sub_strand_2_8",
                        "silica_sub_strand_2_9",
                        "silica_sub_strand_2_10",
                        "silica_sub_strand_2_11"
                    ],
                    "strand_3": [
                        "silica_sub_strand_3_0",
                        "silica_sub_strand_3_1",
                        "silica_sub_strand_3_2",
                        "silica_sub_strand_3_3",
                        "silica_sub_strand_3_4",
                        "silica_sub_strand_3_5",
                        "silica_sub_strand_3_6",
                        "silica_sub_strand_3_7",
                        "silica_sub_strand_3_8",
                        "silica_sub_strand_3_9",
                        "silica_sub_strand_3_10",
                        "silica_sub_strand_3_11"
                    ],
                    "strand_4": [
                        "silica_sub_strand_4_0",
                        "silica_sub_strand_4_1",
                        "silica_sub_strand_4_2",
                        "silica_sub_strand_4_3",
                        "silica_sub_strand_4_4",
                        "silica_sub_strand_4_5",
                        "silica_sub_strand_4_6",
                        "silica_sub_strand_4_7",
                        "silica_sub_strand_4_8",
                        "silica_sub_strand_4_9",
                        "silica_sub_strand_4_10",
                        "silica_sub_strand_4_11"
                    ],
                    "strand_5": [
                        "silica_sub_strand_5_0",
                        "silica_sub_strand_5_1",
                        "silica_sub_strand_5_2",
                        "silica_sub_strand_5_3",
                        "silica_sub_strand_5_4",
                        "silica_sub_strand_5_5",
                        "silica_sub_strand_5_6",
                        "silica_sub_strand_5_7",
                        "silica_sub_strand_5_8",
                        "silica_sub_strand_5_9",
                        "silica_sub_strand_5_10",
                        "silica_sub_strand_5_11"
                    ],
                    "strand_6": [
                        "silica_sub_strand_6_0",
                        "silica_sub_strand_6_1",
                        "silica_sub_strand_6_2",
                        "silica_sub_strand_6_3",
                        "silica_sub_strand_6_4",
                        "silica_sub_strand_6_5",
                        "silica_sub_strand_6_6",
                        "silica_sub_strand_6_7",
                        "silica_sub_strand_6_8",
                        "silica_sub_strand_6_9",
                        "silica_sub_strand_6_10",
                        "silica_sub_strand_6_11"
                    ],
                    "strand_7": [
                        "silica_sub_strand_7_0",
                        "silica_sub_strand_7_1",
                        "silica_sub_strand_7_2",
                        "silica_sub_strand_7_3",
                        "silica_sub_strand_7_4",
                        "silica_sub_strand_7_5",
                        "silica_sub_strand_7_6",
                        "silica_sub_strand_7_7",
                        "silica_sub_strand_7_8",
                        "silica_sub_strand_7_9",
                        "silica_sub_strand_7_10",
                        "silica_sub_strand_7_11"
                    ],
                    "strand_8": [
                        "silica_sub_strand_8_0",
                        "silica_sub_strand_8_1",
                        "silica_sub_strand_8_2",
                        "silica_sub_strand_8_3",
                        "silica_sub_strand_8_4",
                        "silica_sub_strand_8_5",
                        "silica_sub_strand_8_6",
                        "silica_sub_strand_8_7",
                        "silica_sub_strand_8_8",
                        "silica_sub_strand_8_9",
                        "silica_sub_strand_8_10",
                        "silica_sub_strand_8_11"
                    ],
                    "strand_9": [
                        "silica_sub_strand_9_0",
                        "silica_sub_strand_9_1",
                        "silica_sub_strand_9_2",
                        "silica_sub_strand_9_3",
                        "silica_sub_strand_9_4",
                        "silica_sub_strand_9_5",
                        "silica_sub_strand_9_6",
                        "silica_sub_strand_9_7",
                        "silica_sub_strand_9_8",
                        "silica_sub_strand_9_9",
                        "silica_sub_strand_9_10",
                        "silica_sub_strand_9_11"
                    ],
                    "strand_10": [
                        "silica_sub_strand_10_0",
                        "silica_sub_strand_10_1",
                        "silica_sub_strand_10_2",
                        "silica_sub_strand_10_3",
                        "silica_sub_strand_10_4",
                        "silica_sub_strand_10_5",
                        "silica_sub_strand_10_6",
                        "silica_sub_strand_10_7",
                        "silica_sub_strand_10_8",
                        "silica_sub_strand_10_9",
                        "silica_sub_strand_10_10",
                        "silica_sub_strand_10_11"
                    ],
                    "strand_11": [
                        "silica_sub_strand_11_0",
                        "silica_sub_strand_11_1",
                        "silica_sub_strand_11_2",
                        "silica_sub_strand_11_3",
                        "silica_sub_strand_11_4",
                        "silica_sub_strand_11_5",
                        "silica_sub_strand_11_6",
                        "silica_sub_strand_11_7",
                        "silica_sub_strand_11_8",
                        "silica_sub_strand_11_9",
                        "silica_sub_strand_11_10",
                        "silica_sub_strand_11_11"
                    ]
                }
            },
            "cz_layer3_validator.py": {
                "quantum_signature": "aacf4478a0159593153f92d19bfec178213e2d9f5ac9058b5d1f5076ac4df69ff8a5632e99287a88df5d9171805a157b3c075dd2e1a9d24f077cdb0066957de4",
                "base": "silica",
                "layer": 2,
                "128_nucleotide_system": {
                    "nucleotide": "N100",
                    "base_type": "silica"
                },
                "harmonic_analysis": {
                    "harmonic_channel": 17,
                    "hebrew_letter": "Tsadi",
                    "6_bit_triplet_code": "111101"
                },
                "strand_matrix_12x12": {
                    "strand_0": [
                        "silica_sub_strand_0_0",
                        "silica_sub_strand_0_1",
                        "silica_sub_strand_0_2",
                        "silica_sub_strand_0_3",
                        "silica_sub_strand_0_4",
                        "silica_sub_strand_0_5",
                        "silica_sub_strand_0_6",
                        "silica_sub_strand_0_7",
                        "silica_sub_strand_0_8",
                        "silica_sub_strand_0_9",
                        "silica_sub_strand_0_10",
                        "silica_sub_strand_0_11"
                    ],
                    "strand_1": [
                        "silica_sub_strand_1_0",
                        "silica_sub_strand_1_1",
                        "silica_sub_strand_1_2",
                        "silica_sub_strand_1_3",
                        "silica_sub_strand_1_4",
                        "silica_sub_strand_1_5",
                        "silica_sub_strand_1_6",
                        "silica_sub_strand_1_7",
                        "silica_sub_strand_1_8",
                        "silica_sub_strand_1_9",
                        "silica_sub_strand_1_10",
                        "silica_sub_strand_1_11"
                    ],
                    "strand_2": [
                        "silica_sub_strand_2_0",
                        "silica_sub_strand_2_1",
                        "silica_sub_strand_2_2",
                        "silica_sub_strand_2_3",
                        "silica_sub_strand_2_4",
                        "silica_sub_strand_2_5",
                        "silica_sub_strand_2_6",
                        "silica_sub_strand_2_7",
                        "silica_sub_strand_2_8",
                        "silica_sub_strand_2_9",
                        "silica_sub_strand_2_10",
                        "silica_sub_strand_2_11"
                    ],
                    "strand_3": [
                        "silica_sub_strand_3_0",
                        "silica_sub_strand_3_1",
                        "silica_sub_strand_3_2",
                        "silica_sub_strand_3_3",
                        "silica_sub_strand_3_4",
                        "silica_sub_strand_3_5",
                        "silica_sub_strand_3_6",
                        "silica_sub_strand_3_7",
                        "silica_sub_strand_3_8",
                        "silica_sub_strand_3_9",
                        "silica_sub_strand_3_10",
                        "silica_sub_strand_3_11"
                    ],
                    "strand_4": [
                        "silica_sub_strand_4_0",
                        "silica_sub_strand_4_1",
                        "silica_sub_strand_4_2",
                        "silica_sub_strand_4_3",
                        "silica_sub_strand_4_4",
                        "silica_sub_strand_4_5",
                        "silica_sub_strand_4_6",
                        "silica_sub_strand_4_7",
                        "silica_sub_strand_4_8",
                        "silica_sub_strand_4_9",
                        "silica_sub_strand_4_10",
                        "silica_sub_strand_4_11"
                    ],
                    "strand_5": [
                        "silica_sub_strand_5_0",
                        "silica_sub_strand_5_1",
                        "silica_sub_strand_5_2",
                        "silica_sub_strand_5_3",
                        "silica_sub_strand_5_4",
                        "silica_sub_strand_5_5",
                        "silica_sub_strand_5_6",
                        "silica_sub_strand_5_7",
                        "silica_sub_strand_5_8",
                        "silica_sub_strand_5_9",
                        "silica_sub_strand_5_10",
                        "silica_sub_strand_5_11"
                    ],
                    "strand_6": [
                        "silica_sub_strand_6_0",
                        "silica_sub_strand_6_1",
                        "silica_sub_strand_6_2",
                        "silica_sub_strand_6_3",
                        "silica_sub_strand_6_4",
                        "silica_sub_strand_6_5",
                        "silica_sub_strand_6_6",
                        "silica_sub_strand_6_7",
                        "silica_sub_strand_6_8",
                        "silica_sub_strand_6_9",
                        "silica_sub_strand_6_10",
                        "silica_sub_strand_6_11"
                    ],
                    "strand_7": [
                        "silica_sub_strand_7_0",
                        "silica_sub_strand_7_1",
                        "silica_sub_strand_7_2",
                        "silica_sub_strand_7_3",
                        "silica_sub_strand_7_4",
                        "silica_sub_strand_7_5",
                        "silica_sub_strand_7_6",
                        "silica_sub_strand_7_7",
                        "silica_sub_strand_7_8",
                        "silica_sub_strand_7_9",
                        "silica_sub_strand_7_10",
                        "silica_sub_strand_7_11"
                    ],
                    "strand_8": [
                        "silica_sub_strand_8_0",
                        "silica_sub_strand_8_1",
                        "silica_sub_strand_8_2",
                        "silica_sub_strand_8_3",
                        "silica_sub_strand_8_4",
                        "silica_sub_strand_8_5",
                        "silica_sub_strand_8_6",
                        "silica_sub_strand_8_7",
                        "silica_sub_strand_8_8",
                        "silica_sub_strand_8_9",
                        "silica_sub_strand_8_10",
                        "silica_sub_strand_8_11"
                    ],
                    "strand_9": [
                        "silica_sub_strand_9_0",
                        "silica_sub_strand_9_1",
                        "silica_sub_strand_9_2",
                        "silica_sub_strand_9_3",
                        "silica_sub_strand_9_4",
                        "silica_sub_strand_9_5",
                        "silica_sub_strand_9_6",
                        "silica_sub_strand_9_7",
                        "silica_sub_strand_9_8",
                        "silica_sub_strand_9_9",
                        "silica_sub_strand_9_10",
                        "silica_sub_strand_9_11"
                    ],
                    "strand_10": [
                        "silica_sub_strand_10_0",
                        "silica_sub_strand_10_1",
                        "silica_sub_strand_10_2",
                        "silica_sub_strand_10_3",
                        "silica_sub_strand_10_4",
                        "silica_sub_strand_10_5",
                        "silica_sub_strand_10_6",
                        "silica_sub_strand_10_7",
                        "silica_sub_strand_10_8",
                        "silica_sub_strand_10_9",
                        "silica_sub_strand_10_10",
                        "silica_sub_strand_10_11"
                    ],
                    "strand_11": [
                        "silica_sub_strand_11_0",
                        "silica_sub_strand_11_1",
                        "silica_sub_strand_11_2",
                        "silica_sub_strand_11_3",
                        "silica_sub_strand_11_4",
                        "silica_sub_strand_11_5",
                        "silica_sub_strand_11_6",
                        "silica_sub_strand_11_7",
                        "silica_sub_strand_11_8",
                        "silica_sub_strand_11_9",
                        "silica_sub_strand_11_10",
                        "silica_sub_strand_11_11"
                    ]
                }
            },
            "cz_controller_core.sh": {
                "quantum_signature": "4b7abe8bd3c035b55f28784d3201e01c0e5a2fc313af1efe0e102f9aa46372151ed7580e22ad1ab5270bb914cec44147b8cedc3986a2622219070991b3eb12f0",
                "base": "silica",
                "layer": 2,
                "128_nucleotide_system": {
                    "nucleotide": "N112",
                    "base_type": "silica"
                },
                "harmonic_analysis": {
                    "harmonic_channel": 15,
                    "hebrew_letter": "Qof",
                    "6_bit_triplet_code": "010010"
                },
                "strand_matrix_12x12": {
                    "strand_0": [
                        "silica_sub_strand_0_0",
                        "silica_sub_strand_0_1",
                        "silica_sub_strand_0_2",
                        "silica_sub_strand_0_3",
                        "silica_sub_strand_0_4",
                        "silica_sub_strand_0_5",
                        "silica_sub_strand_0_6",
                        "silica_sub_strand_0_7",
                        "silica_sub_strand_0_8",
                        "silica_sub_strand_0_9",
                        "silica_sub_strand_0_10",
                        "silica_sub_strand_0_11"
                    ],
                    "strand_1": [
                        "silica_sub_strand_1_0",
                        "silica_sub_strand_1_1",
                        "silica_sub_strand_1_2",
                        "silica_sub_strand_1_3",
                        "silica_sub_strand_1_4",
                        "silica_sub_strand_1_5",
                        "silica_sub_strand_1_6",
                        "silica_sub_strand_1_7",
                        "silica_sub_strand_1_8",
                        "silica_sub_strand_1_9",
                        "silica_sub_strand_1_10",
                        "silica_sub_strand_1_11"
                    ],
                    "strand_2": [
                        "silica_sub_strand_2_0",
                        "silica_sub_strand_2_1",
                        "silica_sub_strand_2_2",
                        "silica_sub_strand_2_3",
                        "silica_sub_strand_2_4",
                        "silica_sub_strand_2_5",
                        "silica_sub_strand_2_6",
                        "silica_sub_strand_2_7",
                        "silica_sub_strand_2_8",
                        "silica_sub_strand_2_9",
                        "silica_sub_strand_2_10",
                        "silica_sub_strand_2_11"
                    ],
                    "strand_3": [
                        "silica_sub_strand_3_0",
                        "silica_sub_strand_3_1",
                        "silica_sub_strand_3_2",
                        "silica_sub_strand_3_3",
                        "silica_sub_strand_3_4",
                        "silica_sub_strand_3_5",
                        "silica_sub_strand_3_6",
                        "silica_sub_strand_3_7",
                        "silica_sub_strand_3_8",
                        "silica_sub_strand_3_9",
                        "silica_sub_strand_3_10",
                        "silica_sub_strand_3_11"
                    ],
                    "strand_4": [
                        "silica_sub_strand_4_0",
                        "silica_sub_strand_4_1",
                        "silica_sub_strand_4_2",
                        "silica_sub_strand_4_3",
                        "silica_sub_strand_4_4",
                        "silica_sub_strand_4_5",
                        "silica_sub_strand_4_6",
                        "silica_sub_strand_4_7",
                        "silica_sub_strand_4_8",
                        "silica_sub_strand_4_9",
                        "silica_sub_strand_4_10",
                        "silica_sub_strand_4_11"
                    ],
                    "strand_5": [
                        "silica_sub_strand_5_0",
                        "silica_sub_strand_5_1",
                        "silica_sub_strand_5_2",
                        "silica_sub_strand_5_3",
                        "silica_sub_strand_5_4",
                        "silica_sub_strand_5_5",
                        "silica_sub_strand_5_6",
                        "silica_sub_strand_5_7",
                        "silica_sub_strand_5_8",
                        "silica_sub_strand_5_9",
                        "silica_sub_strand_5_10",
                        "silica_sub_strand_5_11"
                    ],
                    "strand_6": [
                        "silica_sub_strand_6_0",
                        "silica_sub_strand_6_1",
                        "silica_sub_strand_6_2",
                        "silica_sub_strand_6_3",
                        "silica_sub_strand_6_4",
                        "silica_sub_strand_6_5",
                        "silica_sub_strand_6_6",
                        "silica_sub_strand_6_7",
                        "silica_sub_strand_6_8",
                        "silica_sub_strand_6_9",
                        "silica_sub_strand_6_10",
                        "silica_sub_strand_6_11"
                    ],
                    "strand_7": [
                        "silica_sub_strand_7_0",
                        "silica_sub_strand_7_1",
                        "silica_sub_strand_7_2",
                        "silica_sub_strand_7_3",
                        "silica_sub_strand_7_4",
                        "silica_sub_strand_7_5",
                        "silica_sub_strand_7_6",
                        "silica_sub_strand_7_7",
                        "silica_sub_strand_7_8",
                        "silica_sub_strand_7_9",
                        "silica_sub_strand_7_10",
                        "silica_sub_strand_7_11"
                    ],
                    "strand_8": [
                        "silica_sub_strand_8_0",
                        "silica_sub_strand_8_1",
                        "silica_sub_strand_8_2",
                        "silica_sub_strand_8_3",
                        "silica_sub_strand_8_4",
                        "silica_sub_strand_8_5",
                        "silica_sub_strand_8_6",
                        "silica_sub_strand_8_7",
                        "silica_sub_strand_8_8",
                        "silica_sub_strand_8_9",
                        "silica_sub_strand_8_10",
                        "silica_sub_strand_8_11"
                    ],
                    "strand_9": [
                        "silica_sub_strand_9_0",
                        "silica_sub_strand_9_1",
                        "silica_sub_strand_9_2",
                        "silica_sub_strand_9_3",
                        "silica_sub_strand_9_4",
                        "silica_sub_strand_9_5",
                        "silica_sub_strand_9_6",
                        "silica_sub_strand_9_7",
                        "silica_sub_strand_9_8",
                        "silica_sub_strand_9_9",
                        "silica_sub_strand_9_10",
                        "silica_sub_strand_9_11"
                    ],
                    "strand_10": [
                        "silica_sub_strand_10_0",
                        "silica_sub_strand_10_1",
                        "silica_sub_strand_10_2",
                        "silica_sub_strand_10_3",
                        "silica_sub_strand_10_4",
                        "silica_sub_strand_10_5",
                        "silica_sub_strand_10_6",
                        "silica_sub_strand_10_7",
                        "silica_sub_strand_10_8",
                        "silica_sub_strand_10_9",
                        "silica_sub_strand_10_10",
                        "silica_sub_strand_10_11"
                    ],
                    "strand_11": [
                        "silica_sub_strand_11_0",
                        "silica_sub_strand_11_1",
                        "silica_sub_strand_11_2",
                        "silica_sub_strand_11_3",
                        "silica_sub_strand_11_4",
                        "silica_sub_strand_11_5",
                        "silica_sub_strand_11_6",
                        "silica_sub_strand_11_7",
                        "silica_sub_strand_11_8",
                        "silica_sub_strand_11_9",
                        "silica_sub_strand_11_10",
                        "silica_sub_strand_11_11"
                    ]
                }
            },
            "cz_audit_launcher.sh": {
                "quantum_signature": "8143711bde7cc3cebbfd535f6df3adf6e51546c747d816ebd995cbf303a8982cd2fc4632f7b0fb04b0153bd2112aa9d2d75abeb8da32ea04488f0cd2d6725b9e",
                "base": "silica",
                "layer": 2,
                "128_nucleotide_system": {
                    "nucleotide": "N30",
                    "base_type": "silica"
                },
                "harmonic_analysis": {
                    "harmonic_channel": 4,
                    "hebrew_letter": "Vav",
                    "6_bit_triplet_code": "011011"
                },
                "strand_matrix_12x12": {
                    "strand_0": [
                        "silica_sub_strand_0_0",
                        "silica_sub_strand_0_1",
                        "silica_sub_strand_0_2",
                        "silica_sub_strand_0_3",
                        "silica_sub_strand_0_4",
                        "silica_sub_strand_0_5",
                        "silica_sub_strand_0_6",
                        "silica_sub_strand_0_7",
                        "silica_sub_strand_0_8",
                        "silica_sub_strand_0_9",
                        "silica_sub_strand_0_10",
                        "silica_sub_strand_0_11"
                    ],
                    "strand_1": [
                        "silica_sub_strand_1_0",
                        "silica_sub_strand_1_1",
                        "silica_sub_strand_1_2",
                        "silica_sub_strand_1_3",
                        "silica_sub_strand_1_4",
                        "silica_sub_strand_1_5",
                        "silica_sub_strand_1_6",
                        "silica_sub_strand_1_7",
                        "silica_sub_strand_1_8",
                        "silica_sub_strand_1_9",
                        "silica_sub_strand_1_10",
                        "silica_sub_strand_1_11"
                    ],
                    "strand_2": [
                        "silica_sub_strand_2_0",
                        "silica_sub_strand_2_1",
                        "silica_sub_strand_2_2",
                        "silica_sub_strand_2_3",
                        "silica_sub_strand_2_4",
                        "silica_sub_strand_2_5",
                        "silica_sub_strand_2_6",
                        "silica_sub_strand_2_7",
                        "silica_sub_strand_2_8",
                        "silica_sub_strand_2_9",
                        "silica_sub_strand_2_10",
                        "silica_sub_strand_2_11"
                    ],
                    "strand_3": [
                        "silica_sub_strand_3_0",
                        "silica_sub_strand_3_1",
                        "silica_sub_strand_3_2",
                        "silica_sub_strand_3_3",
                        "silica_sub_strand_3_4",
                        "silica_sub_strand_3_5",
                        "silica_sub_strand_3_6",
                        "silica_sub_strand_3_7",
                        "silica_sub_strand_3_8",
                        "silica_sub_strand_3_9",
                        "silica_sub_strand_3_10",
                        "silica_sub_strand_3_11"
                    ],
                    "strand_4": [
                        "silica_sub_strand_4_0",
                        "silica_sub_strand_4_1",
                        "silica_sub_strand_4_2",
                        "silica_sub_strand_4_3",
                        "silica_sub_strand_4_4",
                        "silica_sub_strand_4_5",
                        "silica_sub_strand_4_6",
                        "silica_sub_strand_4_7",
                        "silica_sub_strand_4_8",
                        "silica_sub_strand_4_9",
                        "silica_sub_strand_4_10",
                        "silica_sub_strand_4_11"
                    ],
                    "strand_5": [
                        "silica_sub_strand_5_0",
                        "silica_sub_strand_5_1",
                        "silica_sub_strand_5_2",
                        "silica_sub_strand_5_3",
                        "silica_sub_strand_5_4",
                        "silica_sub_strand_5_5",
                        "silica_sub_strand_5_6",
                        "silica_sub_strand_5_7",
                        "silica_sub_strand_5_8",
                        "silica_sub_strand_5_9",
                        "silica_sub_strand_5_10",
                        "silica_sub_strand_5_11"
                    ],
                    "strand_6": [
                        "silica_sub_strand_6_0",
                        "silica_sub_strand_6_1",
                        "silica_sub_strand_6_2",
                        "silica_sub_strand_6_3",
                        "silica_sub_strand_6_4",
                        "silica_sub_strand_6_5",
                        "silica_sub_strand_6_6",
                        "silica_sub_strand_6_7",
                        "silica_sub_strand_6_8",
                        "silica_sub_strand_6_9",
                        "silica_sub_strand_6_10",
                        "silica_sub_strand_6_11"
                    ],
                    "strand_7": [
                        "silica_sub_strand_7_0",
                        "silica_sub_strand_7_1",
                        "silica_sub_strand_7_2",
                        "silica_sub_strand_7_3",
                        "silica_sub_strand_7_4",
                        "silica_sub_strand_7_5",
                        "silica_sub_strand_7_6",
                        "silica_sub_strand_7_7",
                        "silica_sub_strand_7_8",
                        "silica_sub_strand_7_9",
                        "silica_sub_strand_7_10",
                        "silica_sub_strand_7_11"
                    ],
                    "strand_8": [
                        "silica_sub_strand_8_0",
                        "silica_sub_strand_8_1",
                        "silica_sub_strand_8_2",
                        "silica_sub_strand_8_3",
                        "silica_sub_strand_8_4",
                        "silica_sub_strand_8_5",
                        "silica_sub_strand_8_6",
                        "silica_sub_strand_8_7",
                        "silica_sub_strand_8_8",
                        "silica_sub_strand_8_9",
                        "silica_sub_strand_8_10",
                        "silica_sub_strand_8_11"
                    ],
                    "strand_9": [
                        "silica_sub_strand_9_0",
                        "silica_sub_strand_9_1",
                        "silica_sub_strand_9_2",
                        "silica_sub_strand_9_3",
                        "silica_sub_strand_9_4",
                        "silica_sub_strand_9_5",
                        "silica_sub_strand_9_6",
                        "silica_sub_strand_9_7",
                        "silica_sub_strand_9_8",
                        "silica_sub_strand_9_9",
                        "silica_sub_strand_9_10",
                        "silica_sub_strand_9_11"
                    ],
                    "strand_10": [
                        "silica_sub_strand_10_0",
                        "silica_sub_strand_10_1",
                        "silica_sub_strand_10_2",
                        "silica_sub_strand_10_3",
                        "silica_sub_strand_10_4",
                        "silica_sub_strand_10_5",
                        "silica_sub_strand_10_6",
                        "silica_sub_strand_10_7",
                        "silica_sub_strand_10_8",
                        "silica_sub_strand_10_9",
                        "silica_sub_strand_10_10",
                        "silica_sub_strand_10_11"
                    ],
                    "strand_11": [
                        "silica_sub_strand_11_0",
                        "silica_sub_strand_11_1",
                        "silica_sub_strand_11_2",
                        "silica_sub_strand_11_3",
                        "silica_sub_strand_11_4",
                        "silica_sub_strand_11_5",
                        "silica_sub_strand_11_6",
                        "silica_sub_strand_11_7",
                        "silica_sub_strand_11_8",
                        "silica_sub_strand_11_9",
                        "silica_sub_strand_11_10",
                        "silica_sub_strand_11_11"
                    ]
                }
            }
        },
        "3": {
            "cz_layer2_corrector.py": {
                "quantum_signature": "f5222491b83531084849cda363dd7531be1f28df9ed127c426d303c4c4899e3fccbbde104d12c82ba1fecf81d1e29514c5f57fe6463b58c26c72330a47d6a30c",
                "base": "germanium",
                "layer": 3,
                "128_nucleotide_system": {
                    "nucleotide": "N12",
                    "base_type": "germanium"
                },
                "harmonic_analysis": {
                    "harmonic_channel": 16,
                    "hebrew_letter": "Nun",
                    "6_bit_triplet_code": "100011"
                },
                "strand_matrix_12x12": {
                    "strand_0": [
                        "germanium_sub_strand_0_0",
                        "germanium_sub_strand_0_1",
                        "germanium_sub_strand_0_2",
                        "germanium_sub_strand_0_3",
                        "germanium_sub_strand_0_4",
                        "germanium_sub_strand_0_5",
                        "germanium_sub_strand_0_6",
                        "germanium_sub_strand_0_7",
                        "germanium_sub_strand_0_8",
                        "germanium_sub_strand_0_9",
                        "germanium_sub_strand_0_10",
                        "germanium_sub_strand_0_11"
                    ],
                    "strand_1": [
                        "germanium_sub_strand_1_0",
                        "germanium_sub_strand_1_1",
                        "germanium_sub_strand_1_2",
                        "germanium_sub_strand_1_3",
                        "germanium_sub_strand_1_4",
                        "germanium_sub_strand_1_5",
                        "germanium_sub_strand_1_6",
                        "germanium_sub_strand_1_7",
                        "germanium_sub_strand_1_8",
                        "germanium_sub_strand_1_9",
                        "germanium_sub_strand_1_10",
                        "germanium_sub_strand_1_11"
                    ],
                    "strand_2": [
                        "germanium_sub_strand_2_0",
                        "germanium_sub_strand_2_1",
                        "germanium_sub_strand_2_2",
                        "germanium_sub_strand_2_3",
                        "germanium_sub_strand_2_4",
                        "germanium_sub_strand_2_5",
                        "germanium_sub_strand_2_6",
                        "germanium_sub_strand_2_7",
                        "germanium_sub_strand_2_8",
                        "germanium_sub_strand_2_9",
                        "germanium_sub_strand_2_10",
                        "germanium_sub_strand_2_11"
                    ],
                    "strand_3": [
                        "germanium_sub_strand_3_0",
                        "germanium_sub_strand_3_1",
                        "germanium_sub_strand_3_2",
                        "germanium_sub_strand_3_3",
                        "germanium_sub_strand_3_4",
                        "germanium_sub_strand_3_5",
                        "germanium_sub_strand_3_6",
                        "germanium_sub_strand_3_7",
                        "germanium_sub_strand_3_8",
                        "germanium_sub_strand_3_9",
                        "germanium_sub_strand_3_10",
                        "germanium_sub_strand_3_11"
                    ],
                    "strand_4": [
                        "germanium_sub_strand_4_0",
                        "germanium_sub_strand_4_1",
                        "germanium_sub_strand_4_2",
                        "germanium_sub_strand_4_3",
                        "germanium_sub_strand_4_4",
                        "germanium_sub_strand_4_5",
                        "germanium_sub_strand_4_6",
                        "germanium_sub_strand_4_7",
                        "germanium_sub_strand_4_8",
                        "germanium_sub_strand_4_9",
                        "germanium_sub_strand_4_10",
                        "germanium_sub_strand_4_11"
                    ],
                    "strand_5": [
                        "germanium_sub_strand_5_0",
                        "germanium_sub_strand_5_1",
                        "germanium_sub_strand_5_2",
                        "germanium_sub_strand_5_3",
                        "germanium_sub_strand_5_4",
                        "germanium_sub_strand_5_5",
                        "germanium_sub_strand_5_6",
                        "germanium_sub_strand_5_7",
                        "germanium_sub_strand_5_8",
                        "germanium_sub_strand_5_9",
                        "germanium_sub_strand_5_10",
                        "germanium_sub_strand_5_11"
                    ],
                    "strand_6": [
                        "germanium_sub_strand_6_0",
                        "germanium_sub_strand_6_1",
                        "germanium_sub_strand_6_2",
                        "germanium_sub_strand_6_3",
                        "germanium_sub_strand_6_4",
                        "germanium_sub_strand_6_5",
                        "germanium_sub_strand_6_6",
                        "germanium_sub_strand_6_7",
                        "germanium_sub_strand_6_8",
                        "germanium_sub_strand_6_9",
                        "germanium_sub_strand_6_10",
                        "germanium_sub_strand_6_11"
                    ],
                    "strand_7": [
                        "germanium_sub_strand_7_0",
                        "germanium_sub_strand_7_1",
                        "germanium_sub_strand_7_2",
                        "germanium_sub_strand_7_3",
                        "germanium_sub_strand_7_4",
                        "germanium_sub_strand_7_5",
                        "germanium_sub_strand_7_6",
                        "germanium_sub_strand_7_7",
                        "germanium_sub_strand_7_8",
                        "germanium_sub_strand_7_9",
                        "germanium_sub_strand_7_10",
                        "germanium_sub_strand_7_11"
                    ],
                    "strand_8": [
                        "germanium_sub_strand_8_0",
                        "germanium_sub_strand_8_1",
                        "germanium_sub_strand_8_2",
                        "germanium_sub_strand_8_3",
                        "germanium_sub_strand_8_4",
                        "germanium_sub_strand_8_5",
                        "germanium_sub_strand_8_6",
                        "germanium_sub_strand_8_7",
                        "germanium_sub_strand_8_8",
                        "germanium_sub_strand_8_9",
                        "germanium_sub_strand_8_10",
                        "germanium_sub_strand_8_11"
                    ],
                    "strand_9": [
                        "germanium_sub_strand_9_0",
                        "germanium_sub_strand_9_1",
                        "germanium_sub_strand_9_2",
                        "germanium_sub_strand_9_3",
                        "germanium_sub_strand_9_4",
                        "germanium_sub_strand_9_5",
                        "germanium_sub_strand_9_6",
                        "germanium_sub_strand_9_7",
                        "germanium_sub_strand_9_8",
                        "germanium_sub_strand_9_9",
                        "germanium_sub_strand_9_10",
                        "germanium_sub_strand_9_11"
                    ],
                    "strand_10": [
                        "germanium_sub_strand_10_0",
                        "germanium_sub_strand_10_1",
                        "germanium_sub_strand_10_2",
                        "germanium_sub_strand_10_3",
                        "germanium_sub_strand_10_4",
                        "germanium_sub_strand_10_5",
                        "germanium_sub_strand_10_6",
                        "germanium_sub_strand_10_7",
                        "germanium_sub_strand_10_8",
                        "germanium_sub_strand_10_9",
                        "germanium_sub_strand_10_10",
                        "germanium_sub_strand_10_11"
                    ],
                    "strand_11": [
                        "germanium_sub_strand_11_0",
                        "germanium_sub_strand_11_1",
                        "germanium_sub_strand_11_2",
                        "germanium_sub_strand_11_3",
                        "germanium_sub_strand_11_4",
                        "germanium_sub_strand_11_5",
                        "germanium_sub_strand_11_6",
                        "germanium_sub_strand_11_7",
                        "germanium_sub_strand_11_8",
                        "germanium_sub_strand_11_9",
                        "germanium_sub_strand_11_10",
                        "germanium_sub_strand_11_11"
                    ]
                }
            },
            "cz_layer3_corrector.py": {
                "quantum_signature": "96fdda8bd2029f3f4324fa7713be42220fc5af1ccd44d45fefd56d251957e894918af51cdf080ef74bc6b0e674cd2fe15ba59d709332fcc3aebd0d027d9a9a08",
                "base": "germanium",
                "layer": 3,
                "128_nucleotide_system": {
                    "nucleotide": "N8",
                    "base_type": "germanium"
                },
                "harmonic_analysis": {
                    "harmonic_channel": 0,
                    "hebrew_letter": "He",
                    "6_bit_triplet_code": "011010"
                },
                "strand_matrix_12x12": {
                    "strand_0": [
                        "germanium_sub_strand_0_0",
                        "germanium_sub_strand_0_1",
                        "germanium_sub_strand_0_2",
                        "germanium_sub_strand_0_3",
                        "germanium_sub_strand_0_4",
                        "germanium_sub_strand_0_5",
                        "germanium_sub_strand_0_6",
                        "germanium_sub_strand_0_7",
                        "germanium_sub_strand_0_8",
                        "germanium_sub_strand_0_9",
                        "germanium_sub_strand_0_10",
                        "germanium_sub_strand_0_11"
                    ],
                    "strand_1": [
                        "germanium_sub_strand_1_0",
                        "germanium_sub_strand_1_1",
                        "germanium_sub_strand_1_2",
                        "germanium_sub_strand_1_3",
                        "germanium_sub_strand_1_4",
                        "germanium_sub_strand_1_5",
                        "germanium_sub_strand_1_6",
                        "germanium_sub_strand_1_7",
                        "germanium_sub_strand_1_8",
                        "germanium_sub_strand_1_9",
                        "germanium_sub_strand_1_10",
                        "germanium_sub_strand_1_11"
                    ],
                    "strand_2": [
                        "germanium_sub_strand_2_0",
                        "germanium_sub_strand_2_1",
                        "germanium_sub_strand_2_2",
                        "germanium_sub_strand_2_3",
                        "germanium_sub_strand_2_4",
                        "germanium_sub_strand_2_5",
                        "germanium_sub_strand_2_6",
                        "germanium_sub_strand_2_7",
                        "germanium_sub_strand_2_8",
                        "germanium_sub_strand_2_9",
                        "germanium_sub_strand_2_10",
                        "germanium_sub_strand_2_11"
                    ],
                    "strand_3": [
                        "germanium_sub_strand_3_0",
                        "germanium_sub_strand_3_1",
                        "germanium_sub_strand_3_2",
                        "germanium_sub_strand_3_3",
                        "germanium_sub_strand_3_4",
                        "germanium_sub_strand_3_5",
                        "germanium_sub_strand_3_6",
                        "germanium_sub_strand_3_7",
                        "germanium_sub_strand_3_8",
                        "germanium_sub_strand_3_9",
                        "germanium_sub_strand_3_10",
                        "germanium_sub_strand_3_11"
                    ],
                    "strand_4": [
                        "germanium_sub_strand_4_0",
                        "germanium_sub_strand_4_1",
                        "germanium_sub_strand_4_2",
                        "germanium_sub_strand_4_3",
                        "germanium_sub_strand_4_4",
                        "germanium_sub_strand_4_5",
                        "germanium_sub_strand_4_6",
                        "germanium_sub_strand_4_7",
                        "germanium_sub_strand_4_8",
                        "germanium_sub_strand_4_9",
                        "germanium_sub_strand_4_10",
                        "germanium_sub_strand_4_11"
                    ],
                    "strand_5": [
                        "germanium_sub_strand_5_0",
                        "germanium_sub_strand_5_1",
                        "germanium_sub_strand_5_2",
                        "germanium_sub_strand_5_3",
                        "germanium_sub_strand_5_4",
                        "germanium_sub_strand_5_5",
                        "germanium_sub_strand_5_6",
                        "germanium_sub_strand_5_7",
                        "germanium_sub_strand_5_8",
                        "germanium_sub_strand_5_9",
                        "germanium_sub_strand_5_10",
                        "germanium_sub_strand_5_11"
                    ],
                    "strand_6": [
                        "germanium_sub_strand_6_0",
                        "germanium_sub_strand_6_1",
                        "germanium_sub_strand_6_2",
                        "germanium_sub_strand_6_3",
                        "germanium_sub_strand_6_4",
                        "germanium_sub_strand_6_5",
                        "germanium_sub_strand_6_6",
                        "germanium_sub_strand_6_7",
                        "germanium_sub_strand_6_8",
                        "germanium_sub_strand_6_9",
                        "germanium_sub_strand_6_10",
                        "germanium_sub_strand_6_11"
                    ],
                    "strand_7": [
                        "germanium_sub_strand_7_0",
                        "germanium_sub_strand_7_1",
                        "germanium_sub_strand_7_2",
                        "germanium_sub_strand_7_3",
                        "germanium_sub_strand_7_4",
                        "germanium_sub_strand_7_5",
                        "germanium_sub_strand_7_6",
                        "germanium_sub_strand_7_7",
                        "germanium_sub_strand_7_8",
                        "germanium_sub_strand_7_9",
                        "germanium_sub_strand_7_10",
                        "germanium_sub_strand_7_11"
                    ],
                    "strand_8": [
                        "germanium_sub_strand_8_0",
                        "germanium_sub_strand_8_1",
                        "germanium_sub_strand_8_2",
                        "germanium_sub_strand_8_3",
                        "germanium_sub_strand_8_4",
                        "germanium_sub_strand_8_5",
                        "germanium_sub_strand_8_6",
                        "germanium_sub_strand_8_7",
                        "germanium_sub_strand_8_8",
                        "germanium_sub_strand_8_9",
                        "germanium_sub_strand_8_10",
                        "germanium_sub_strand_8_11"
                    ],
                    "strand_9": [
                        "germanium_sub_strand_9_0",
                        "germanium_sub_strand_9_1",
                        "germanium_sub_strand_9_2",
                        "germanium_sub_strand_9_3",
                        "germanium_sub_strand_9_4",
                        "germanium_sub_strand_9_5",
                        "germanium_sub_strand_9_6",
                        "germanium_sub_strand_9_7",
                        "germanium_sub_strand_9_8",
                        "germanium_sub_strand_9_9",
                        "germanium_sub_strand_9_10",
                        "germanium_sub_strand_9_11"
                    ],
                    "strand_10": [
                        "germanium_sub_strand_10_0",
                        "germanium_sub_strand_10_1",
                        "germanium_sub_strand_10_2",
                        "germanium_sub_strand_10_3",
                        "germanium_sub_strand_10_4",
                        "germanium_sub_strand_10_5",
                        "germanium_sub_strand_10_6",
                        "germanium_sub_strand_10_7",
                        "germanium_sub_strand_10_8",
                        "germanium_sub_strand_10_9",
                        "germanium_sub_strand_10_10",
                        "germanium_sub_strand_10_11"
                    ],
                    "strand_11": [
                        "germanium_sub_strand_11_0",
                        "germanium_sub_strand_11_1",
                        "germanium_sub_strand_11_2",
                        "germanium_sub_strand_11_3",
                        "germanium_sub_strand_11_4",
                        "germanium_sub_strand_11_5",
                        "germanium_sub_strand_11_6",
                        "germanium_sub_strand_11_7",
                        "germanium_sub_strand_11_8",
                        "germanium_sub_strand_11_9",
                        "germanium_sub_strand_11_10",
                        "germanium_sub_strand_11_11"
                    ]
                }
            },
            "cz_controller_mid.sh": {
                "quantum_signature": "5935492db47602d895bb076b73679accf4279481ad9ae28206150bbd1657e9516ca70ca7827e69cb807cea8978940c79ca656edd05e915fa460ee74518626cca",
                "base": "germanium",
                "layer": 3,
                "128_nucleotide_system": {
                    "nucleotide": "N74",
                    "base_type": "germanium"
                },
                "harmonic_analysis": {
                    "harmonic_channel": 10,
                    "hebrew_letter": "Aleph",
                    "6_bit_triplet_code": "101100"
                },
                "strand_matrix_12x12": {
                    "strand_0": [
                        "germanium_sub_strand_0_0",
                        "germanium_sub_strand_0_1",
                        "germanium_sub_strand_0_2",
                        "germanium_sub_strand_0_3",
                        "germanium_sub_strand_0_4",
                        "germanium_sub_strand_0_5",
                        "germanium_sub_strand_0_6",
                        "germanium_sub_strand_0_7",
                        "germanium_sub_strand_0_8",
                        "germanium_sub_strand_0_9",
                        "germanium_sub_strand_0_10",
                        "germanium_sub_strand_0_11"
                    ],
                    "strand_1": [
                        "germanium_sub_strand_1_0",
                        "germanium_sub_strand_1_1",
                        "germanium_sub_strand_1_2",
                        "germanium_sub_strand_1_3",
                        "germanium_sub_strand_1_4",
                        "germanium_sub_strand_1_5",
                        "germanium_sub_strand_1_6",
                        "germanium_sub_strand_1_7",
                        "germanium_sub_strand_1_8",
                        "germanium_sub_strand_1_9",
                        "germanium_sub_strand_1_10",
                        "germanium_sub_strand_1_11"
                    ],
                    "strand_2": [
                        "germanium_sub_strand_2_0",
                        "germanium_sub_strand_2_1",
                        "germanium_sub_strand_2_2",
                        "germanium_sub_strand_2_3",
                        "germanium_sub_strand_2_4",
                        "germanium_sub_strand_2_5",
                        "germanium_sub_strand_2_6",
                        "germanium_sub_strand_2_7",
                        "germanium_sub_strand_2_8",
                        "germanium_sub_strand_2_9",
                        "germanium_sub_strand_2_10",
                        "germanium_sub_strand_2_11"
                    ],
                    "strand_3": [
                        "germanium_sub_strand_3_0",
                        "germanium_sub_strand_3_1",
                        "germanium_sub_strand_3_2",
                        "germanium_sub_strand_3_3",
                        "germanium_sub_strand_3_4",
                        "germanium_sub_strand_3_5",
                        "germanium_sub_strand_3_6",
                        "germanium_sub_strand_3_7",
                        "germanium_sub_strand_3_8",
                        "germanium_sub_strand_3_9",
                        "germanium_sub_strand_3_10",
                        "germanium_sub_strand_3_11"
                    ],
                    "strand_4": [
                        "germanium_sub_strand_4_0",
                        "germanium_sub_strand_4_1",
                        "germanium_sub_strand_4_2",
                        "germanium_sub_strand_4_3",
                        "germanium_sub_strand_4_4",
                        "germanium_sub_strand_4_5",
                        "germanium_sub_strand_4_6",
                        "germanium_sub_strand_4_7",
                        "germanium_sub_strand_4_8",
                        "germanium_sub_strand_4_9",
                        "germanium_sub_strand_4_10",
                        "germanium_sub_strand_4_11"
                    ],
                    "strand_5": [
                        "germanium_sub_strand_5_0",
                        "germanium_sub_strand_5_1",
                        "germanium_sub_strand_5_2",
                        "germanium_sub_strand_5_3",
                        "germanium_sub_strand_5_4",
                        "germanium_sub_strand_5_5",
                        "germanium_sub_strand_5_6",
                        "germanium_sub_strand_5_7",
                        "germanium_sub_strand_5_8",
                        "germanium_sub_strand_5_9",
                        "germanium_sub_strand_5_10",
                        "germanium_sub_strand_5_11"
                    ],
                    "strand_6": [
                        "germanium_sub_strand_6_0",
                        "germanium_sub_strand_6_1",
                        "germanium_sub_strand_6_2",
                        "germanium_sub_strand_6_3",
                        "germanium_sub_strand_6_4",
                        "germanium_sub_strand_6_5",
                        "germanium_sub_strand_6_6",
                        "germanium_sub_strand_6_7",
                        "germanium_sub_strand_6_8",
                        "germanium_sub_strand_6_9",
                        "germanium_sub_strand_6_10",
                        "germanium_sub_strand_6_11"
                    ],
                    "strand_7": [
                        "germanium_sub_strand_7_0",
                        "germanium_sub_strand_7_1",
                        "germanium_sub_strand_7_2",
                        "germanium_sub_strand_7_3",
                        "germanium_sub_strand_7_4",
                        "germanium_sub_strand_7_5",
                        "germanium_sub_strand_7_6",
                        "germanium_sub_strand_7_7",
                        "germanium_sub_strand_7_8",
                        "germanium_sub_strand_7_9",
                        "germanium_sub_strand_7_10",
                        "germanium_sub_strand_7_11"
                    ],
                    "strand_8": [
                        "germanium_sub_strand_8_0",
                        "germanium_sub_strand_8_1",
                        "germanium_sub_strand_8_2",
                        "germanium_sub_strand_8_3",
                        "germanium_sub_strand_8_4",
                        "germanium_sub_strand_8_5",
                        "germanium_sub_strand_8_6",
                        "germanium_sub_strand_8_7",
                        "germanium_sub_strand_8_8",
                        "germanium_sub_strand_8_9",
                        "germanium_sub_strand_8_10",
                        "germanium_sub_strand_8_11"
                    ],
                    "strand_9": [
                        "germanium_sub_strand_9_0",
                        "germanium_sub_strand_9_1",
                        "germanium_sub_strand_9_2",
                        "germanium_sub_strand_9_3",
                        "germanium_sub_strand_9_4",
                        "germanium_sub_strand_9_5",
                        "germanium_sub_strand_9_6",
                        "germanium_sub_strand_9_7",
                        "germanium_sub_strand_9_8",
                        "germanium_sub_strand_9_9",
                        "germanium_sub_strand_9_10",
                        "germanium_sub_strand_9_11"
                    ],
                    "strand_10": [
                        "germanium_sub_strand_10_0",
                        "germanium_sub_strand_10_1",
                        "germanium_sub_strand_10_2",
                        "germanium_sub_strand_10_3",
                        "germanium_sub_strand_10_4",
                        "germanium_sub_strand_10_5",
                        "germanium_sub_strand_10_6",
                        "germanium_sub_strand_10_7",
                        "germanium_sub_strand_10_8",
                        "germanium_sub_strand_10_9",
                        "germanium_sub_strand_10_10",
                        "germanium_sub_strand_10_11"
                    ],
                    "strand_11": [
                        "germanium_sub_strand_11_0",
                        "germanium_sub_strand_11_1",
                        "germanium_sub_strand_11_2",
                        "germanium_sub_strand_11_3",
                        "germanium_sub_strand_11_4",
                        "germanium_sub_strand_11_5",
                        "germanium_sub_strand_11_6",
                        "germanium_sub_strand_11_7",
                        "germanium_sub_strand_11_8",
                        "germanium_sub_strand_11_9",
                        "germanium_sub_strand_11_10",
                        "germanium_sub_strand_11_11"
                    ]
                }
            }
        }
    }
}