{
  "timestamp": "2025-08-04T08:01:36.487076Z",
  "debugged_files": [
    {
      "file_path": "CURZI_ZEDEI_AUDIT_VERIFY_INTEGRATION_TEST.py",
      "file_hash": "aefd81440d6090f5324fabb35e04391ca2eb5e0ec9a2df80fce6d75ee5116c9e",
      "debug_status": "verified",
      "debug_timestamp": "2025-08-04T08:01:36.492326Z",
      "flashloan_signature": "2c65c19ea007283f7edb6efd315c034d892171046d4b37c4e137f650e33e6ae0"
    },
    {
      "file_path": "CURZI_ZEDEI_AUDIT_VERIFY_PERFORMANCE_CHECK.py",
      "file_hash": "5f85ac3a5fd8763f8eccf74526dba2e977536025537b1c46ceca1719a302f79d",
      "debug_status": "verified",
      "debug_timestamp": "2025-08-04T08:01:36.492628Z",
      "flashloan_signature": "31b2dffc1f58e14990e5193a380abfb79c521ce34ada05d7d532a9034c549687"
    },
    {
      "file_path": "AUDIT_REMEDIATION_ENGINE.py",
      "file_hash": "0564f7955254b445923fc47bb55712634739ff97a17cf1f3f8ad4b7951316c89",
      "debug_status": "verified",
      "debug_timestamp": "2025-08-04T08:01:36.493136Z",
      "flashloan_signature": "d9a385e37d485bcbd9b4a1f81b020f86fa160a5f580e72f9a5043a1096223a7a"
    },
    {
      "file_path": "ZEDEC_HARMONIC_INTEGRATION_LAYER.py",
      "file_hash": "b40f04094dd5f30b10404d168d8de42cc161a26ea8d21d7ba30c1c766a1d4473",
      "debug_status": "verified",
      "debug_timestamp": "2025-08-04T08:01:36.494209Z",
      "flashloan_signature": "253c6ea0fd56e88319a5cc2e488282e1e7774886b872968eadd9f5004cdb0698"
    },
    {
      "file_path": "CURZI_ZEDEI_AUDIT_REMEDIATE_SELF_HEALING.py",
      "file_hash": "545af85d6db9a0dfecf366bb2dda4e7d1fc7fd4a0545b7f481eebddc62db5f31",
      "debug_status": "verified",
      "debug_timestamp": "2025-08-04T08:01:36.494465Z",
      "flashloan_signature": "c535d8786cafb79a0cc54d9f358d00226f7bc7f4de38e65e82b332e3b991f964"
    },
    {
      "file_path": "MarketPlus.py",
      "file_hash": "513a12066b6be95f103d2060fb84c020afa2d19675af88340819d8fb3ac74b55",
      "debug_status": "verified",
      "debug_timestamp": "2025-08-04T08:01:36.495185Z",
      "flashloan_signature": "2405bdcf09140266e1aff7ba5889b18d43a15371387eed3b69385018e85966f8"
    },
    {
      "file_path": "CURZI_ZEDEI_AUDIT_EXECUTE_SYSTEM_SCAN.py",
      "file_hash": "9cdb8dc54d6df9789e76e3cff4922224e1e509955c875ff78b400068c71a7f3d",
      "debug_status": "verified",
      "debug_timestamp": "2025-08-04T08:01:36.495488Z",
      "flashloan_signature": "4abaeeb5422d82d8504d2486ce7b7fac482da39e91376fd60182bc7358487ba3"
    },
    {
      "file_path": "ZEDEC_UNIFIED_DEPLOYMENT_ORCHESTRATOR.py",
      "file_hash": "005ed2b8b763d2cb946ce586cd32b518a4f3cd5c6b59d9c3ff08d59896b9308e",
      "debug_status": "verified",
      "debug_timestamp": "2025-08-04T08:01:36.495902Z",
      "flashloan_signature": "298cd0a9511e79fbae46153d7a1b2eab09da03f878ccbb0df8fcfaa8e390b010"
    },
    {
      "file_path": "DEPLOYMENT_SUMMARY.py",
      "file_hash": "bf0d3c5952de40efb21cc786bcd2fe00c1762a50dccd2be2146a1f2536774bd9",
      "debug_status": "verified",
      "debug_timestamp": "2025-08-04T08:01:36.496288Z",
      "flashloan_signature": "babf82b90d68a6faec06c11d0c23c068e5ea5cfce31fdc08c1562479ba6594bd"
    },
    {
      "file_path": "CURZI_ZEDEI_AUDIT_VERIFY_SECURITY_AUDIT.py",
      "file_hash": "4b21833d0f40207ab7d34d7540d8ac9444ee8c6ac5c6cefef9b5cbbb96cb56a6",
      "debug_status": "verified",
      "debug_timestamp": "2025-08-04T08:01:36.496516Z",
      "flashloan_signature": "31d6fa11a04933e6ebce4fac43dce29a4d9aa4c50ee696d8537045fa0a26198e"
    },
    {
      "file_path": "ZEDEI_BLOCKCHAIN_DEPLOYMENT_ORCHESTRATOR.py",
      "file_hash": "540bdaad6d9b95a7153e2ae7bcecb74160716b6b85c9b288f8e7125023c40043",
      "debug_status": "verified",
      "debug_timestamp": "2025-08-04T08:01:36.496585Z",
      "flashloan_signature": "6402a1bd49bb60a7e32d531239b5a23af76f9372a4f858227ecadf304d0c5c7d"
    },
    {
      "file_path": "CLAUDE_OPUS_FULL_SYSTEM_AUDIT.py",
      "file_hash": "399d5a3722b50ec5fb186bf64e94c78a41b4fa23f972ca72a59fee4e024ab823",
      "debug_status": "verified",
      "debug_timestamp": "2025-08-04T08:01:36.497506Z",
      "flashloan_signature": "7c25de8ae7048db10c2211b3dc9727fde6905d12117553bb89364ad5104c9262"
    },
    {
      "file_path": "recursive_integration_orchestrator.py",
      "file_hash": "51e1eb97b6db748db2468f19e7a37489c9205e028c6a5b4ca1c09fb2e8b410bb",
      "debug_status": "verified",
      "debug_timestamp": "2025-08-04T08:01:36.498011Z",
      "flashloan_signature": "3a36c76d5ab75ebfeb8034cb0857720882ed117c96761b52730af7b8d071e099"
    },
    {
      "file_path": "CURZI_ZEDEI_UNIFIED_INTEGRATION.py",
      "file_hash": "c29b04048446efd5b6df5e4a718d460adb95f601586c556b662d8581987b1c51",
      "debug_status": "verified",
      "debug_timestamp": "2025-08-04T08:01:36.498423Z",
      "flashloan_signature": "15d7c6b23e3922db1978827cb8664145ff5c3b6b3be0318a38fc72ba7a2c4fbc"
    },
    {
      "file_path": "singularity_reactor_core.py",
      "file_hash": "3dd6e33e61c1ba4532f5c91462abbdd9b1a17b1763d9c9245c12831d38089151",
      "debug_status": "verified",
      "debug_timestamp": "2025-08-04T08:01:36.498700Z",
      "flashloan_signature": "c83469db33f2909b24c73a759b537952961edbb8062c8e81ec5c18ab745ce79a"
    },
    {
      "file_path": "RESONANCE_ALIGNMENT_ENGINE.py",
      "file_hash": "f5af25367761134fa5d1fd2040fe5b115817bad27adcf0bdceeba60690504bb4",
      "debug_status": "verified",
      "debug_timestamp": "2025-08-04T08:01:36.498950Z",
      "flashloan_signature": "6e9f05d9abc083bf26994de36aa16b507f62cb2d18a0f749ec7640d53c62c244"
    },
    {
      "file_path": "HARMONIC_DISSONANCE_DETECTOR.py",
      "file_hash": "a8412bf6a105925397e95d43d62ec0df5e84f99475fdc9b8ba824b37e3480975",
      "debug_status": "verified",
      "debug_timestamp": "2025-08-04T08:01:36.499382Z",
      "flashloan_signature": "e6506154ee6d101acabeb638b6ea6f8e81e86d72ba3ca06401954ec128255767"
    },
    {
      "file_path": "CURZI_ZEDEI_AUDIT_EXECUTE_DEPENDENCY_CHECK.py",
      "file_hash": "c0285929857929fa6cc8f833541e607da01f4cc0a6d1623d50d8839ac178f0d6",
      "debug_status": "verified",
      "debug_timestamp": "2025-08-04T08:01:36.499522Z",
      "flashloan_signature": "cb6ea6dcc070d2fefc1928c4479fea1d3320be0c61d481d93dbc316a75abf76e"
    },
    {
      "file_path": "ZEDEC_PORT_MERE_NODE_MAP_PHYSICAL_LAWS.py",
      "file_hash": "61260c0b2d4e26e76480c93b9d0ad367fcdc8923938ebbc11c5679ffd4dfcae1",
      "debug_status": "verified",
      "debug_timestamp": "2025-08-04T08:01:36.499894Z",
      "flashloan_signature": "f6f7a4105756f70a6a28cd5830af1966937738a6571ffaaeda6b1803827e5b50"
    },
    {
      "file_path": "zhec_core.py",
      "file_hash": "5b1a7233a847d1d08df5915667207bea1288d60a2fffe64bd4c440cf444a4399",
      "debug_status": "verified",
      "debug_timestamp": "2025-08-04T08:01:36.500607Z",
      "flashloan_signature": "67ab8819bc5c7723a39f811085ad9cde0e206760edaf6dd736e445bebe7b26fc"
    },
    {
      "file_path": "Send.py",
      "file_hash": "93f9544ab32ed7931269f8f9fd5240afe79ca9a186b0746bbe4be2fbf5659f97",
      "debug_status": "verified",
      "debug_timestamp": "2025-08-04T08:01:36.501828Z",
      "flashloan_signature": "248d1e3a8145ab2b8dea7ad3f022ab0fcf4e0bbcbd27376eb5c6125571cb409b"
    },
    {
      "file_path": "Advisor.py",
      "file_hash": "be982bbca1e3c854f0b0b4d134d85354975f37eb68f2b18dc55fa40c52e826db",
      "debug_status": "verified",
      "debug_timestamp": "2025-08-04T08:01:36.503197Z",
      "flashloan_signature": "3c3e8febf68ac92da47a9b0c95d8701e7c37c82e5bda7802d21e69f0185f0f16"
    },
    {
      "file_path": "CLAUDE_OPUS_DEPLOYMENT_SUPERVISORS.py",
      "file_hash": "91ed58b3b2dbd74c07b6fb7306edc8c4b413d304669e1d3b2b865f8b3f5d68c9",
      "debug_status": "verified",
      "debug_timestamp": "2025-08-04T08:01:36.503750Z",
      "flashloan_signature": "c1e1efc7aa93081f378b09bc6ba96613967985359591de85d4969191457f6211"
    },
    {
      "file_path": "CURZI_ZEDEI_AUDIT_REMEDIATE_ERROR_CORRECTION.py",
      "file_hash": "133f64b92f9e4a80b96651c676de53be580dec0194ccecca4868a0c1f3795175",
      "debug_status": "verified",
      "debug_timestamp": "2025-08-04T08:01:36.504705Z",
      "flashloan_signature": "60d5fd70249bb11064aa4de2fa6c2bcb8163451647c0127146265724909f306a"
    },
    {
      "file_path": "TrustEngine.py",
      "file_hash": "3446180624e5a8d5d22ba33e9cca013076083d435b5b8b52e4001ff76d7c6ac6",
      "debug_status": "verified",
      "debug_timestamp": "2025-08-04T08:01:36.505166Z",
      "flashloan_signature": "ae4857b5cbe6fce4e01293bd94b50bc376ae8ece412e69c26fa515a1b32f9a63"
    },
    {
      "file_path": "CLAUDE_OPUS_RECURSIVE_ANALYSIS_ENGINE.py",
      "file_hash": "259cbe14eac37bcbb7310129523c8baab08259ad364936497b3c1a8fafedeecf",
      "debug_status": "verified",
      "debug_timestamp": "2025-08-04T08:01:36.505536Z",
      "flashloan_signature": "cf63067cbf2a70c1785977ca870bec0ec44c6faf08be58151cf421daf88d99fc"
    },
    {
      "file_path": "WalletPlus.py",
      "file_hash": "b1da5cb54b1dd0abe3d0ab31a9322f464c5a4f2a3ed411f5c65e74bb152b7902",
      "debug_status": "verified",
      "debug_timestamp": "2025-08-04T08:01:36.505835Z",
      "flashloan_signature": "77d23b8de5c2ee57eb77f481925c7e377804f29059f1a7ec21089d41fdb758cc"
    },
    {
      "file_path": "trinary_audit_engine.py",
      "file_hash": "07b6cd800bad031de3c307e3267efe7aaafee068fa736c154db0931a5335350e",
      "debug_status": "verified",
      "debug_timestamp": "2025-08-04T08:01:36.506237Z",
      "flashloan_signature": "9233454be8ec9221abe5a3ab36cb3fa2bb592a43c88f9487ec46cf9298c75938"
    },
    {
      "file_path": "CURZI_ZEDEI_AUDIT_REMEDIATE_OPTIMIZATION.py",
      "file_hash": "c7e092c372ad10b894998fc4ead4fdb43f52c026de4ab3b2bb45e28841ad740f",
      "debug_status": "verified",
      "debug_timestamp": "2025-08-04T08:01:36.506518Z",
      "flashloan_signature": "ae5630e7b4c47ec6fc64f4be040809cb6d48e8fdec3934bb598df6592c3a9a28"
    },
    {
      "file_path": "cz_interface.py",
      "file_hash": "0a8d1ad298cae307ef266c22cf46e7da663c468d1fcf891adafc4fc2fe019752",
      "debug_status": "verified",
      "debug_timestamp": "2025-08-04T08:01:36.506810Z",
      "flashloan_signature": "f9489379fac757ffd572794787808b3a05d0ecbc0a32c9ff46485cce4bec05a2"
    },
    {
      "file_path": "curzi_zedei_enhanced_interface.py",
      "file_hash": "6b4d425540896f965f0c9cd8d74a9f6f37d0538f8419d2c75cbd4d1f2ba22a66",
      "debug_status": "verified",
      "debug_timestamp": "2025-08-04T08:01:36.507129Z",
      "flashloan_signature": "03ebbfcb51af3430f35756e9305a74c92b2e1e5f508efa5c3ca32e983fec252b"
    },
    {
      "file_path": "curzi_zedei_interface.py",
      "file_hash": "4dd314939b275bdf991bb62e44e32d20d399e1dddee7c2956ecdfffa62b852e4",
      "debug_status": "verified",
      "debug_timestamp": "2025-08-04T08:01:36.507889Z",
      "flashloan_signature": "2eed8e466f6a22dd01325a0ae06356932a42a478bd4f6a117c7f9cf785003009"
    },
    {
      "file_path": "FINAL_UNIFIED_DEPLOYMENT_SUMMARY.py",
      "file_hash": "d2dbaa90ef320bd8c40863828227c6b3463611680558fbaf886c852dcabf1bc2",
      "debug_status": "verified",
      "debug_timestamp": "2025-08-04T08:01:36.510799Z",
      "flashloan_signature": "bf24a1fb9ceb1eb56dc812d0125e7a3605b18ad6c0486cac475c834303a89f40"
    },
    {
      "file_path": "zedec_audit_kernel.py",
      "file_hash": "4d598ab47dae6f19dd324c5be31b7a8906398eeea4c68571e9dcfe0f497a68cf",
      "debug_status": "verified",
      "debug_timestamp": "2025-08-04T08:01:36.511160Z",
      "flashloan_signature": "cd8de34acbaec1fba6d49530de4c784fcdc8447264bb9e5c7e20b2a4c6d6c34d"
    },
    {
      "file_path": "HARMONIC_STABILIZATION_ENGINE.py",
      "file_hash": "49dc7447218d278214378ea0e460c4c12060b66f75b4ed47bf66d56166d95a1e",
      "debug_status": "verified",
      "debug_timestamp": "2025-08-04T08:01:36.512807Z",
      "flashloan_signature": "cd9d25c0a831e25f95e12b5ec2646754d8bff3728801987c7ad5fdebb2fb1dfb"
    },
    {
      "file_path": "Escrow.py",
      "file_hash": "09af25c4bad849e7f183045530c0a8ffdd7dcec6a9da8900c3fb9cad416e0988",
      "debug_status": "verified",
      "debug_timestamp": "2025-08-04T08:01:36.513851Z",
      "flashloan_signature": "49457fc4151e44c94139376408c3911e757262b3c21c18d6d73fb3e95ee4de24"
    },
    {
      "file_path": "zhed_core.py",
      "file_hash": "beb7f9c850d14e79545c9e0d247a6de1208ba7f33c8d5bf9a7a42d4dfd07976e",
      "debug_status": "verified",
      "debug_timestamp": "2025-08-04T08:01:36.514258Z",
      "flashloan_signature": "922f76c33e1d9fc4339393b322be66c8e5c48c810c6b0827b1c81e62be7adda0"
    },
    {
      "file_path": "HARMONIC_RECALIBRATION_ENGINE.py",
      "file_hash": "7dff7419cc055fa091e9f6f16a0c682a355ea5344f2c6e0e1fca84baa11bb344",
      "debug_status": "verified",
      "debug_timestamp": "2025-08-04T08:01:36.514524Z",
      "flashloan_signature": "b40c9c6d783ec08651516fe70b1e0cd131bb28cb37031d0268fb481cee49f85a"
    },
    {
      "file_path": "recursive_1800_enhancement_engine.py",
      "file_hash": "5a745cd80af1654104afaf969c12ca685dcf040b2d0d39bf1119ba52d5103a0b",
      "debug_status": "verified",
      "debug_timestamp": "2025-08-04T08:01:36.515011Z",
      "flashloan_signature": "d000fd24e26220623b849c714cb31379d0b7f11f78f7526e9d4b1709a87e723f"
    },
    {
      "file_path": "ZEDEC_PLANETARY_LAUNCH_ORCHESTRATOR.py",
      "file_hash": "5f2f8f750279205f6e6350fd23e0d7c67bbb19b0030e4555661586b044f8659c",
      "debug_status": "verified",
      "debug_timestamp": "2025-08-04T08:01:36.515521Z",
      "flashloan_signature": "fb94bfcdd192fe934194ddb4e96988f3d3ff5ad0c7451b18b2187ebcea46d924"
    },
    {
      "file_path": "CURZI_ZEDEI_AUDIT_EXECUTE_CODE_ANALYSIS.py",
      "file_hash": "4366adc8f542a4e3a410b50c98f677409fb77289ae9e0251b64bf1ad6f8e1ad5",
      "debug_status": "verified",
      "debug_timestamp": "2025-08-04T08:01:36.515733Z",
      "flashloan_signature": "4e85e369e8876d11fead113c4ec8f12f405100ac9ef7d7823c4d0e2555199017"
    },
    {
      "file_path": "ZEDEC_UNIFIED_HARMONIC_CORE.py",
      "file_hash": "cdffc50c17d21c11228b99ccba718a0967b4d0d90687c842bee8cf8a6424813c",
      "debug_status": "verified",
      "debug_timestamp": "2025-08-04T08:01:36.516178Z",
      "flashloan_signature": "4a189ac04e0d3967b501e42f29731fdd393d35cdddf5e47c53e08a3ff2c7dc92"
    },
    {
      "file_path": "trinary_audit_engine_extended.py",
      "file_hash": "29a7c1da7df4ea16208e9e59d5e014be3eddce927eb96aa05402e49a46efc709",
      "debug_status": "verified",
      "debug_timestamp": "2025-08-04T08:01:36.516629Z",
      "flashloan_signature": "3b295e08c53ce5b9d52f26d5684f506bdc9cd6d31c1372cb8697762fae9d390e"
    },
    {
      "file_path": "CURZI-ZEDEI_AUDIT_ENGINE.py",
      "file_hash": "df711c133063b1eb5d94f369e56c51f37bdcf47a90ec9f4cf5fb27eccd8b4b29",
      "debug_status": "verified",
      "debug_timestamp": "2025-08-04T08:01:36.517102Z",
      "flashloan_signature": "c496c1c853b76a88dfb77eb8db125059d8a563c8ecddd2108642f96644634cbb"
    },
    {
      "file_path": "curzi_zedei/core/cz_layer3_reporter.py",
      "file_hash": "b57570969e03c95306bceb652f05f02bc1744379e3ddf21db272da78cb4433b7",
      "debug_status": "verified",
      "debug_timestamp": "2025-08-04T08:01:36.517350Z",
      "flashloan_signature": "3e4d97d8e3fd300bd823341f9dc48687228ac717eb3bea4909a40010bee51db1"
    },
    {
      "file_path": "curzi_zedei/core/cz_layer1_corrector.py",
      "file_hash": "43aa31e6e739f18d791c65fcf824eb25dbaabd761444558bfe44909ede5529a3",
      "debug_status": "verified",
      "debug_timestamp": "2025-08-04T08:01:36.517666Z",
      "flashloan_signature": "0f0db1468ca9dc79ab355ddab77b62c005dbf3232eab47bae519b2618b93b723"
    },
    {
      "file_path": "curzi_zedei/core/cz_layer1_validator.py",
      "file_hash": "7dad486662ee7add9fcc478892d22d0604f72753e5db27cd0505a9a4460255f9",
      "debug_status": "verified",
      "debug_timestamp": "2025-08-04T08:01:36.517980Z",
      "flashloan_signature": "0e7a88b3bf252bbc70cc74fccf3f9d98ce4e3ce9568abebb2cc82486669b6751"
    },
    {
      "file_path": "curzi_zedei/core/cz_layer2_reporter.py",
      "file_hash": "685a5ae48e971e8491cedef1655ddb5cc8b1410616f9c5c48337721a6c867a07",
      "debug_status": "verified",
      "debug_timestamp": "2025-08-04T08:01:36.518404Z",
      "flashloan_signature": "3274f421c317feea455062b42daebecd923a0465c2d408e9b1438cbbe18093db"
    },
    {
      "file_path": "curzi_zedei/core/zhed_core.py",
      "file_hash": "5b06b8dec0e1bb35f950645b4a932d0047cb06f8fe70fd926de7f3bca260a539",
      "debug_status": "verified",
      "debug_timestamp": "2025-08-04T08:01:36.519875Z",
      "flashloan_signature": "74ee6ec69551566b073cc348d61d8372aa8b99212349bb3b46f737f42143e16a"
    },
    {
      "file_path": "curzi_zedei/core/cz_layer1_reporter.py",
      "file_hash": "df6143dda035a788d5e4caa349f764ea4f2f893d8c32c27177e71c854f6b5ae9",
      "debug_status": "verified",
      "debug_timestamp": "2025-08-04T08:01:36.520505Z",
      "flashloan_signature": "89dbd1691765fa15606eee6986892067b0a8c278e54988e109dfd587c475ea56"
    },
    {
      "file_path": "curzi_zedei/mid/cz_layer2_corrector.py",
      "file_hash": "faeb690401dfdfb10b71655b4193d0902a5ab59d4aaa54f9d7823455a737ab7b",
      "debug_status": "verified",
      "debug_timestamp": "2025-08-04T08:01:36.520810Z",
      "flashloan_signature": "8f3714ae0965d87669e47ebbb5eef6e7cc640dd238f59b788e0d96374eaed9ed"
    },
    {
      "file_path": "curzi_zedei/mid/cz_layer2_reporter.py",
      "file_hash": "d17cf2826fc0152c78d6b04e46ec86752f99c61af44b10e4c17945197e8ce2d8",
      "debug_status": "verified",
      "debug_timestamp": "2025-08-04T08:01:36.521127Z",
      "flashloan_signature": "dcb8066c3978e2c3ed391958655991072544852cdef364bde99296bb0b4f16ab"
    },
    {
      "file_path": "curzi_zedei/mid/cz_layer2_validator.py",
      "file_hash": "5a5adf0a7ce2489afd7aedc57d69c0a20e72c3eaaa3378f0fc969a468498cc37",
      "debug_status": "verified",
      "debug_timestamp": "2025-08-04T08:01:36.521330Z",
      "flashloan_signature": "ac9867ef638aa53bfd48ff9c3c29f04fe91551904438cb7695594fdea9916fa5"
    },
    {
      "file_path": "curzi_zedei/deep/cz_layer3_reporter.py",
      "file_hash": "54a5f3430041f1d22be88dfea5eaf823848e6f1020fbb02f46085f42d7ad9f60",
      "debug_status": "verified",
      "debug_timestamp": "2025-08-04T08:01:36.521600Z",
      "flashloan_signature": "24d6dedd1af5331be4a5e284cba9dc65a98e3e0f2bb7b48ed17be39a5fe2434b"
    },
    {
      "file_path": "curzi_zedei/deep/cz_layer3_validator.py",
      "file_hash": "b55983c769c18906b2cee460abed038144a9c881555402f972f1831b03b94c0d",
      "debug_status": "verified",
      "debug_timestamp": "2025-08-04T08:01:36.521859Z",
      "flashloan_signature": "85516e322efa3b6c4499bed718e1334d6bc5c76b2dc39bbb5e804d16ab7bab31"
    },
    {
      "file_path": "curzi_zedei/deep/cz_layer3_corrector.py",
      "file_hash": "d37e4de63301db8c5302e728830c71c235432dde79900a9174f0fa7a9f7f0165",
      "debug_status": "verified",
      "debug_timestamp": "2025-08-04T08:01:36.522558Z",
      "flashloan_signature": "411477e28c3f9a1e62d972abaa4ef60713ede3ef4372363875c237aeab6a31b0"
    },
    {
      "file_path": "curzi_zedei/omni/zhed_core.py",
      "file_hash": "fecde25f6530d1d5c1331871d536a63942aece54a61a186548ff3039c84f126c",
      "debug_status": "verified",
      "debug_timestamp": "2025-08-04T08:01:36.522779Z",
      "flashloan_signature": "61d650c2ef018239dab5ab4ed66ffa6df0bd20383a7344b08f0de6047f1a7851"
    },
    {
      "file_path": "fields/electromagnetic_field.py",
      "file_hash": "225ab1d58c9c0e29068baf80275f3fde0d669267888f39ea1d60b4542c95e066",
      "debug_status": "verified",
      "debug_timestamp": "2025-08-04T08:01:36.523090Z",
      "flashloan_signature": "2d903201deb0e9c2c6e46ee9e0519f22c2489901c2a1a72bd4ac9e32070c5733"
    },
    {
      "file_path": "fields/__init__.py",
      "file_hash": "6d9902af1a7b288cfa5ddcb1203e22b9e58babc2442442a31b3d6b781f81dd0d",
      "debug_status": "verified",
      "debug_timestamp": "2025-08-04T08:01:36.523821Z",
      "flashloan_signature": "4d4497cfc91afa516c88316d2ea9d6401c7fdb53dc481e1b20ec462d84abe696"
    },
    {
      "file_path": "fields/higgs_zero_point_field.py",
      "file_hash": "24c86e7327076f2d927702d261ed676a8f8a3545d6032edfc3d63e671caa3d2c",
      "debug_status": "verified",
      "debug_timestamp": "2025-08-04T08:01:36.524212Z",
      "flashloan_signature": "a8eccc462575b58370abeaf895e72009ca998ea72aeb606dc08434edb5d28894"
    },
    {
      "file_path": "fields/magnetoelectric_field.py",
      "file_hash": "9a8cc7e6f5542b05d83cdcae082b2d53985c83b60a5c801a9af31734dc0ed3b8",
      "debug_status": "verified",
      "debug_timestamp": "2025-08-04T08:01:36.524404Z",
      "flashloan_signature": "ae566cd490ea001999f77839d2074493a8be988c5ca5dc676ba3886a5f6bb4e6"
    },
    {
      "file_path": "_archive/AUDIT_REMEDIATION_ENGINE.py",
      "file_hash": "5ff07f3bfa5b3370387879a329825b12690616d537d0710a382a20a653811f58",
      "debug_status": "verified",
      "debug_timestamp": "2025-08-04T08:01:36.524880Z",
      "flashloan_signature": "3647cc5eb45311200a6bc5adaea0b3ff70be9b0cd1f589b2d9f9ac9666904f6b"
    },
    {
      "file_path": "_archive/cz_layer3_reporter.py",
      "file_hash": "ce9ed6f29fd5dcf7ead68ba5617eff31098b08fb2f38be8be677f362f8088eed",
      "debug_status": "verified",
      "debug_timestamp": "2025-08-04T08:01:36.525203Z",
      "flashloan_signature": "17fa817836dde1c03adc84506a965d89479e8696903347283d01a77d5413c6f0"
    },
    {
      "file_path": "_archive/CLAUDE_OPUS_FULL_SYSTEM_AUDIT.py",
      "file_hash": "1039e8df409c61427ad5f4d19e6e0a5095830b72bfccc8c86846ca2d277fb05b",
      "debug_status": "verified",
      "debug_timestamp": "2025-08-04T08:01:36.525539Z",
      "flashloan_signature": "274340bc5da15adb0129789088e36b0371347a6f7f079a885131ec5c4122d437"
    },
    {
      "file_path": "_archive/CLAUDE_OPUS_RECURSIVE_ANALYSIS_ENGINE_V1_1.py",
      "file_hash": "ea8f90daa39d87b6c49ffd7dc4f2330f92eed2406bfc502bbf7c572c154b7270",
      "debug_status": "verified",
      "debug_timestamp": "2025-08-04T08:01:36.526276Z",
      "flashloan_signature": "fdf3b3f96b95e9fefb67bb2898811353879bcd0a9e050de69f95a70f031a5df3"
    },
    {
      "file_path": "_archive/CURZI_ZEDEI_AUDIT_CORE_B2.py",
      "file_hash": "ebd2aa170a18769aee047756dd158ad2d99456a065d5e67702289d8cdd16ce6c",
      "debug_status": "verified",
      "debug_timestamp": "2025-08-04T08:01:36.526584Z",
      "flashloan_signature": "9a415d7cb30c4d9e2d3bce29ae9a8fed2921c73366a92d21731cfb7cf4f02698"
    },
    {
      "file_path": "_archive/CURZI_ZEDEI_AUDIT_CORE_C2.py",
      "file_hash": "9789a5ef8bf35e93aa8244cf3cc6234498f6b9dfdb963b72b8238756818e80d6",
      "debug_status": "verified",
      "debug_timestamp": "2025-08-04T08:01:36.527133Z",
      "flashloan_signature": "8cb4f5733ff81231240231ac99f2c798d06f8bcf5183e93a3fd901ff991d67b9"
    },
    {
      "file_path": "_archive/CLAUDE_OPUS_SYSTEM_AUDIT_AND_ELEVATION_ENGINE.py",
      "file_hash": "3f03dc76b9e24aed19f732234a699a02e3017e388117102ad10c78e8a2c77566",
      "debug_status": "verified",
      "debug_timestamp": "2025-08-04T08:01:36.527314Z",
      "flashloan_signature": "4750a694cab904dc378feabd714f4f83d9d29887477daa0cd9e27aebf9b96571"
    },
    {
      "file_path": "_archive/CLAUDE_OPUS_DEPLOYMENT_SUPERVISORS.py",
      "file_hash": "1713cfa220a2e3977298031ba3f81c1ad834085f35c71b29d1c253f8715159a4",
      "debug_status": "verified",
      "debug_timestamp": "2025-08-04T08:01:36.527472Z",
      "flashloan_signature": "c3ce52e8a064aa0bdedb3b3469b1ab063336825dc84e302f1ed617770c9753e6"
    },
    {
      "file_path": "_archive/CURZI_ZEDEI_AUDIT_CORE_A2.py",
      "file_hash": "d537add9b53bfde090f8968c5a8946e81402cca858d4a6d3dba27bbc39b8ca33",
      "debug_status": "verified",
      "debug_timestamp": "2025-08-04T08:01:36.527625Z",
      "flashloan_signature": "309b708fe44a61f661257afcbe49058715eecab697a0706652d4f67ae24ff9a3"
    },
    {
      "file_path": "_archive/CURZI_ZEDEI_AUDIT_CORE_A3.py",
      "file_hash": "5f5a2aa463204c3a28938d0ad8084765c1ca2a1b17f7b7243885d70fbb957d9b",
      "debug_status": "verified",
      "debug_timestamp": "2025-08-04T08:01:36.528055Z",
      "flashloan_signature": "533571ecd168ea286652ab9cff4ba1e424a770277e9e63db8961d562489dd8a4"
    },
    {
      "file_path": "_archive/CURZI_ZEDEI_AUDIT_CORE_B3.py",
      "file_hash": "4631a9d13e808ae79e1ee850220c6f3717fca475c32f5f36d424aaa5e04e76fa",
      "debug_status": "verified",
      "debug_timestamp": "2025-08-04T08:01:36.528348Z",
      "flashloan_signature": "519e64654ab9dd8fc0e74839e2d26766bc184f53fcd61ef22494317ad9e5a4b2"
    },
    {
      "file_path": "_archive/CLAUDE_OPUS_RECURSIVE_ANALYSIS_ENGINE.py",
      "file_hash": "647f2b3da3c4ccfc9aa81c7e4f4b4ba73e4d419dce699d388f045b451342100d",
      "debug_status": "verified",
      "debug_timestamp": "2025-08-04T08:01:36.528549Z",
      "flashloan_signature": "f1642e3dc687c4693643ab159aa77f532e336065818b8493427a183562a1e006"
    },
    {
      "file_path": "_archive/CURZI_ZEDEI_AUDIT_CORE_C3.py",
      "file_hash": "7ca9300b9796fd01210b0559a51430c2efe951b2e2fcad649537140b025258d3",
      "debug_status": "verified",
      "debug_timestamp": "2025-08-04T08:01:36.528717Z",
      "flashloan_signature": "8a56980d9ccf97448a0f9d06f84bc6fae39a3f45110707ef7df52b7489f4e5f7"
    },
    {
      "file_path": "_archive/trinary_audit_engine.py",
      "file_hash": "5a703e78e5826f5e50b40aa85ee5a921cd7ec8a0ea8ff58f53b17bde5d98784c",
      "debug_status": "verified",
      "debug_timestamp": "2025-08-04T08:01:36.529266Z",
      "flashloan_signature": "a2ece2a2572fcf8bffb9c6d15662bdadbf1d41dfff1b6edf68db6387e5c0c563"
    },
    {
      "file_path": "_archive/cz_interface.py",
      "file_hash": "54129fd88c41446aaf8da0318384b411015c3505676a9657fd4f237ce2bc4331",
      "debug_status": "verified",
      "debug_timestamp": "2025-08-04T08:01:36.529890Z",
      "flashloan_signature": "33d5cb1c6059796ae60db21ef1fa0fb9e6f88124c3568b1e52dd02537b7ca2f1"
    },
    {
      "file_path": "_archive/cz_layer3_validator.py",
      "file_hash": "dc183addc156bc264437d5b7552c02f20f3b371ae50b48199a9c3108389e7b75",
      "debug_status": "verified",
      "debug_timestamp": "2025-08-04T08:01:36.530213Z",
      "flashloan_signature": "dcdcffe6fdc88a7348f03020ebe24b65ef2589e82515b308ec04faa1e90180d6"
    },
    {
      "file_path": "_archive/cz_layer2_corrector.py",
      "file_hash": "5e25b7e7003ab2fd1e1deef81cbc71a053b7707267eac5af5bfa6923577165e3",
      "debug_status": "verified",
      "debug_timestamp": "2025-08-04T08:01:36.530533Z",
      "flashloan_signature": "90f3ff3822d5fe2b1d2bc61a2a241f21e692c945e10087f2674d7893285826fd"
    },
    {
      "file_path": "_archive/cz_layer2_reporter.py",
      "file_hash": "9543bbed1782a7e16e148f1a35d359cdfd27953ae832eb595ae6c29808442f28",
      "debug_status": "verified",
      "debug_timestamp": "2025-08-04T08:01:36.530916Z",
      "flashloan_signature": "ba6235ef0f6e431153e474c81be7a02a3f94187361b8d6b24107879e05e6c423"
    },
    {
      "file_path": "_archive/CURZI_ZEDEI_AUDIT_CORE_B1.py",
      "file_hash": "fa0c63bfa7104362325d993ce1de18706f6b5edf0081dfa4231eb132cba8531c",
      "debug_status": "verified",
      "debug_timestamp": "2025-08-04T08:01:36.531155Z",
      "flashloan_signature": "e794528d01c8ab28bc99e707da6d85ca4dc4f63fea1460681cdcc23645abc400"
    },
    {
      "file_path": "_archive/CURZI_ZEDEI_AUDIT_CORE_C1.py",
      "file_hash": "31a93a807d6319053d879576c704b1d7fc369c7c3b2c93dab9745a2841c923ee",
      "debug_status": "verified",
      "debug_timestamp": "2025-08-04T08:01:36.531505Z",
      "flashloan_signature": "d562a2a4d2ef037c5f4f2aafd4b8e70a9a12f2acac347ac04073cfe957d4768d"
    },
    {
      "file_path": "_archive/CURZI_ZEDEI_AUDIT_CORE_A1.py",
      "file_hash": "44571af865942588abbcd3c03b3e0a6bbfa1fa63b665987adaef0c1f17d09882",
      "debug_status": "verified",
      "debug_timestamp": "2025-08-04T08:01:36.531671Z",
      "flashloan_signature": "f0a2311cf8e927901c80d32b615bb44ef996cd0bed25e33861cc3dd26e4d59bd"
    },
    {
      "file_path": "_archive/cz_layer2_validator.py",
      "file_hash": "c5e5a2e8e325e6e71a4de9b434826188774ed652f110c74dbe178239d97c7d0e",
      "debug_status": "verified",
      "debug_timestamp": "2025-08-04T08:01:36.532511Z",
      "flashloan_signature": "a0b215c3b7d30be692fb9857709c1ccd9f5c1fa40c505efb9079845b455a3fb3"
    },
    {
      "file_path": "_archive/cz_layer3_corrector.py",
      "file_hash": "9389f5c8d44c62c2307085097002bc0f2eb7d2c68587ad36c2141faf10c51e76",
      "debug_status": "verified",
      "debug_timestamp": "2025-08-04T08:01:36.532955Z",
      "flashloan_signature": "254999c518259289d446972372b0ab392d9997ec503bbf74d4d04c184670875c"
    },
    {
      "file_path": "_archive/zhed_core.py",
      "file_hash": "976edc1bcb833018863ae138a044fb10567c02c2de2b96514515936f5b6b2fd5",
      "debug_status": "verified",
      "debug_timestamp": "2025-08-04T08:01:36.533518Z",
      "flashloan_signature": "864448082f57b103d97bc97b33aa2049220acab3c2beaf720c303a901e2909d8"
    },
    {
      "file_path": "_archive/zedec_trinary_vortex_audit_integrator.py",
      "file_hash": "e2f4a12c42b39ba55cdfbaa3810a8732ea43eda53b5e4fe26f372f2dad8cf1f6",
      "debug_status": "verified",
      "debug_timestamp": "2025-08-04T08:01:36.533870Z",
      "flashloan_signature": "fb2adf08f8f8a35ac6f425462b0a2c58ecb8fe5205092ab83fa037d022fefd03"
    },
    {
      "file_path": "_archive/cz_layer1_reporter.py",
      "file_hash": "76cd360b402f71252a60645e0395bbd847ddf3c2c4def2753cc0f2e2ffd5819c",
      "debug_status": "verified",
      "debug_timestamp": "2025-08-04T08:01:36.534159Z",
      "flashloan_signature": "9ee650bac344beef2270aa929f059fd9e8c577d9e77fb053edaa7054522ce5d2"
    },
    {
      "file_path": "_archive/trinary_audit_engine_extended.py",
      "file_hash": "843e333a4a79352f8dd3a948e31de7db1eeb927e7740892209eeeb8227abc2af",
      "debug_status": "verified",
      "debug_timestamp": "2025-08-04T08:01:36.535389Z",
      "flashloan_signature": "589327577673f28d546ab3fb97a04fa32af32c05aefb53b8fc305bb295c13725"
    },
    {
      "file_path": "_archive/CURZI-ZEDEI_AUDIT_ENGINE.py",
      "file_hash": "cc69e7235bb7bc0230aa9b15c6616abc27b98848640d3f2536db18370c430728",
      "debug_status": "verified",
      "debug_timestamp": "2025-08-04T08:01:36.535965Z",
      "flashloan_signature": "03e67edc51ee006a5d3bc116ecdbfe1b57d84614acb4f7cafa012229321a5d8d"
    }
  ],
  "debugging_status": "complete",
  "total_files_debugged": 89
}