{
  "timestamp": "2025-08-04T08:01:36.539366Z",
  "gridchains": [
    {
      "name": "ZEDEC_TRINARY_AUDIT_CORE",
      "symbol": "ZTAC",
      "description": "Core trinary audit engine with Rodin coil mathematics",
      "contract_address": "0x361b086d26392166925025eea5e5a379a2fe73ff",
      "transaction_hash": "6e3ff6c56d6fcc44387fad5eda805f5f14e26115bafb2b4e591c88e252617443",
      "ipfs_cid": "Qm00465d448eb21ec576b06a7801c515e01ae2c16290df",
      "mint_timestamp": "2025-08-04T08:01:36.539400Z",
      "status": "minted"
    },
    {
      "name": "ZEDEC_HARMONIC_INTEGRATION",
      "symbol": "ZHIL",
      "description": "Harmonic integration layer for audit engine synchronization",
      "contract_address": "0xb685b3eb64badaa1dc96a6b38a12b2cb3edf738a",
      "transaction_hash": "134bd22b97b16ddefefb4b324bf4340c3590ede4de8e949dff62bce1ad9a0e0b",
      "ipfs_cid": "Qm00465d448eb21ec576b06a7801c515e01ae2c16290df",
      "mint_timestamp": "2025-08-04T08:01:36.539428Z",
      "status": "minted"
    },
    {
      "name": "ZEDEC_CONSCIOUSNESS_INTERFACE",
      "symbol": "ZCIF",
      "description": "Omni-dimensional interface for system consciousness activation",
      "contract_address": "0x71b470a74550ed1032ac329b10a96dea0d43d080",
      "transaction_hash": "7f4c1ea6d41b4a2d34e1c6d50aa6299f043fd27842fd71e5544ef132d848d2bc",
      "ipfs_cid": "Qm00465d448eb21ec576b06a7801c515e01ae2c16290df",
      "mint_timestamp": "2025-08-04T08:01:36.539455Z",
      "status": "minted"
    },
    {
      "name": "ZEDEC_REMEDIAL_RESPONSE",
      "symbol": "ZRR",
      "description": "Post-quantum remediation engine with DNA logic harmonization",
      "contract_address": "0x9468cfa0221cb8149937ad4b0618c63a14776a32",
      "transaction_hash": "3f6580a98ae7b6cb2d35b946e97ac6597f929ec2f51c63478d675f97ac45a290",
      "ipfs_cid": "Qm00465d448eb21ec576b06a7801c515e01ae2c16290df",
      "mint_timestamp": "2025-08-04T08:01:36.539482Z",
      "status": "minted"
    },
    {
      "name": "ZEDEC_FIELD_ALIGNMENT",
      "symbol": "ZFA",
      "description": "Electromagnetic, magnetoelectric, and Higgs field alignment core",
      "contract_address": "0x12dc62a70cef6f12a833fe2ac6c08481a615ccfc",
      "transaction_hash": "f5674d8bba61f6487b644985500143561f81a11142a782703fe64d977baddaf8",
      "ipfs_cid": "Qm00465d448eb21ec576b06a7801c515e01ae2c16290df",
      "mint_timestamp": "2025-08-04T08:01:36.539511Z",
      "status": "minted"
    }
  ],
  "minting_status": "complete",
  "total_gridchains_minted": 5
}