{
  "timestamp": "2025-08-04T08:01:36.536972Z",
  "uploaded_files": [
    {
      "file_path": "CURZI_ZEDEI_AUDIT_VERIFY_INTEGRATION_TEST.py",
      "file_hash": "aefd81440d6090f5324fabb35e04391ca2eb5e0ec9a2df80fce6d75ee5116c9e",
      "ipfs_cid": "Qm00465d448eb21ec576b06a7801c515e01ae2c16290df",
      "upload_timestamp": "2025-08-04T08:01:36.536987Z"
    },
    {
      "file_path": "CURZI_ZEDEI_AUDIT_VERIFY_PERFORMANCE_CHECK.py",
      "file_hash": "5f85ac3a5fd8763f8eccf74526dba2e977536025537b1c46ceca1719a302f79d",
      "ipfs_cid": "Qm3b27377bd8c687d50b007e529de68e4fec2e777a3220",
      "upload_timestamp": "2025-08-04T08:01:36.537008Z"
    },
    {
      "file_path": "AUDIT_REMEDIATION_ENGINE.py",
      "file_hash": "0564f7955254b445923fc47bb55712634739ff97a17cf1f3f8ad4b7951316c89",
      "ipfs_cid": "Qm831ebcb76685748e41fe9684313697cb0e75631b940e",
      "upload_timestamp": "2025-08-04T08:01:36.537026Z"
    },
    {
      "file_path": "ZEDEC_HARMONIC_INTEGRATION_LAYER.py",
      "file_hash": "b40f04094dd5f30b10404d168d8de42cc161a26ea8d21d7ba30c1c766a1d4473",
      "ipfs_cid": "Qme6ffd6691f4b556f334a8d68c625c4e831b5aaf1fb52",
      "upload_timestamp": "2025-08-04T08:01:36.537043Z"
    },
    {
      "file_path": "CURZI_ZEDEI_AUDIT_REMEDIATE_SELF_HEALING.py",
      "file_hash": "545af85d6db9a0dfecf366bb2dda4e7d1fc7fd4a0545b7f481eebddc62db5f31",
      "ipfs_cid": "Qm5c77b6252d60c63fca5d0e6584c7d0804f9b1b8b5d6e",
      "upload_timestamp": "2025-08-04T08:01:36.537059Z"
    },
    {
      "file_path": "MarketPlus.py",
      "file_hash": "513a12066b6be95f103d2060fb84c020afa2d19675af88340819d8fb3ac74b55",
      "ipfs_cid": "Qma56a39500e878f069df78cc4df29af8da51bbc108661",
      "upload_timestamp": "2025-08-04T08:01:36.537075Z"
    },
    {
      "file_path": "CURZI_ZEDEI_AUDIT_EXECUTE_SYSTEM_SCAN.py",
      "file_hash": "9cdb8dc54d6df9789e76e3cff4922224e1e509955c875ff78b400068c71a7f3d",
      "ipfs_cid": "Qm7b2f0619d76e41c8449db13df389df1702f54489f31e",
      "upload_timestamp": "2025-08-04T08:01:36.537091Z"
    },
    {
      "file_path": "ZEDEC_UNIFIED_DEPLOYMENT_ORCHESTRATOR.py",
      "file_hash": "005ed2b8b763d2cb946ce586cd32b518a4f3cd5c6b59d9c3ff08d59896b9308e",
      "ipfs_cid": "Qm5006ab53366c4ef71e405a6f354c4127b53ecb4e3a89",
      "upload_timestamp": "2025-08-04T08:01:36.537108Z"
    },
    {
      "file_path": "DEPLOYMENT_SUMMARY.py",
      "file_hash": "bf0d3c5952de40efb21cc786bcd2fe00c1762a50dccd2be2146a1f2536774bd9",
      "ipfs_cid": "Qm57690beb6d728798b80f367de99a8f50686a69c848bf",
      "upload_timestamp": "2025-08-04T08:01:36.537125Z"
    },
    {
      "file_path": "CURZI_ZEDEI_AUDIT_VERIFY_SECURITY_AUDIT.py",
      "file_hash": "4b21833d0f40207ab7d34d7540d8ac9444ee8c6ac5c6cefef9b5cbbb96cb56a6",
      "ipfs_cid": "Qm8ad1b9d5d5a56ca25f655e35d97919b1d2e07fda8e7e",
      "upload_timestamp": "2025-08-04T08:01:36.537143Z"
    },
    {
      "file_path": "ZEDEI_BLOCKCHAIN_DEPLOYMENT_ORCHESTRATOR.py",
      "file_hash": "540bdaad6d9b95a7153e2ae7bcecb74160716b6b85c9b288f8e7125023c40043",
      "ipfs_cid": "Qm0955ece6c822e622e2edb635bd44fcd932948c8bfdab",
      "upload_timestamp": "2025-08-04T08:01:36.537159Z"
    },
    {
      "file_path": "CLAUDE_OPUS_FULL_SYSTEM_AUDIT.py",
      "file_hash": "399d5a3722b50ec5fb186bf64e94c78a41b4fa23f972ca72a59fee4e024ab823",
      "ipfs_cid": "Qmed7c98d739bf985a08fa09ce34ab47f17320216c0c5d",
      "upload_timestamp": "2025-08-04T08:01:36.537176Z"
    },
    {
      "file_path": "recursive_integration_orchestrator.py",
      "file_hash": "51e1eb97b6db748db2468f19e7a37489c9205e028c6a5b4ca1c09fb2e8b410bb",
      "ipfs_cid": "Qme0aeea7c3cd09f46ba1bc385fd30f36612219a2edee6",
      "upload_timestamp": "2025-08-04T08:01:36.537192Z"
    },
    {
      "file_path": "CURZI_ZEDEI_UNIFIED_INTEGRATION.py",
      "file_hash": "c29b04048446efd5b6df5e4a718d460adb95f601586c556b662d8581987b1c51",
      "ipfs_cid": "Qm2e246057c81bfcd4bdc39e2b73dc7f8c86c1b976103d",
      "upload_timestamp": "2025-08-04T08:01:36.537207Z"
    },
    {
      "file_path": "singularity_reactor_core.py",
      "file_hash": "3dd6e33e61c1ba4532f5c91462abbdd9b1a17b1763d9c9245c12831d38089151",
      "ipfs_cid": "Qmfbdd6db612cbaa7d093ac1c4961d67696e0807c0e91d",
      "upload_timestamp": "2025-08-04T08:01:36.537222Z"
    },
    {
      "file_path": "RESONANCE_ALIGNMENT_ENGINE.py",
      "file_hash": "f5af25367761134fa5d1fd2040fe5b115817bad27adcf0bdceeba60690504bb4",
      "ipfs_cid": "Qmddd66a410caea50da17efbfda6e7a302625b7a85261a",
      "upload_timestamp": "2025-08-04T08:01:36.537237Z"
    },
    {
      "file_path": "HARMONIC_DISSONANCE_DETECTOR.py",
      "file_hash": "a8412bf6a105925397e95d43d62ec0df5e84f99475fdc9b8ba824b37e3480975",
      "ipfs_cid": "Qma90c7e3013b0cdb16c9547f6fa96420824e901c2e5bb",
      "upload_timestamp": "2025-08-04T08:01:36.537253Z"
    },
    {
      "file_path": "CURZI_ZEDEI_AUDIT_EXECUTE_DEPENDENCY_CHECK.py",
      "file_hash": "c0285929857929fa6cc8f833541e607da01f4cc0a6d1623d50d8839ac178f0d6",
      "ipfs_cid": "Qm5afca3fa2c2879e2dfbe6c756a5d0074e2d333deaecd",
      "upload_timestamp": "2025-08-04T08:01:36.537268Z"
    },
    {
      "file_path": "ZEDEC_PORT_MERE_NODE_MAP_PHYSICAL_LAWS.py",
      "file_hash": "61260c0b2d4e26e76480c93b9d0ad367fcdc8923938ebbc11c5679ffd4dfcae1",
      "ipfs_cid": "Qm911f0ed5182c0c745d15dcaa0b316c0987213bccad3b",
      "upload_timestamp": "2025-08-04T08:01:36.537283Z"
    },
    {
      "file_path": "zhec_core.py",
      "file_hash": "5b1a7233a847d1d08df5915667207bea1288d60a2fffe64bd4c440cf444a4399",
      "ipfs_cid": "Qmb8c55dc336f3f6f4e786579d95733c99f5dffe56b803",
      "upload_timestamp": "2025-08-04T08:01:36.537299Z"
    },
    {
      "file_path": "Send.py",
      "file_hash": "93f9544ab32ed7931269f8f9fd5240afe79ca9a186b0746bbe4be2fbf5659f97",
      "ipfs_cid": "Qm7d82c53cc082e13513fc60c64c94da3160522e818202",
      "upload_timestamp": "2025-08-04T08:01:36.537314Z"
    },
    {
      "file_path": "Advisor.py",
      "file_hash": "be982bbca1e3c854f0b0b4d134d85354975f37eb68f2b18dc55fa40c52e826db",
      "ipfs_cid": "Qmccbc0cdf9597ced532eb3ba06e42d69bb400a31b6a4f",
      "upload_timestamp": "2025-08-04T08:01:36.537329Z"
    },
    {
      "file_path": "CLAUDE_OPUS_DEPLOYMENT_SUPERVISORS.py",
      "file_hash": "91ed58b3b2dbd74c07b6fb7306edc8c4b413d304669e1d3b2b865f8b3f5d68c9",
      "ipfs_cid": "Qmdcf924a65ca537cd43b36db4fd5ca42cb84e344f62cd",
      "upload_timestamp": "2025-08-04T08:01:36.537343Z"
    },
    {
      "file_path": "CURZI_ZEDEI_AUDIT_REMEDIATE_ERROR_CORRECTION.py",
      "file_hash": "133f64b92f9e4a80b96651c676de53be580dec0194ccecca4868a0c1f3795175",
      "ipfs_cid": "Qm04e694c20893ef6c65a4f663dcf63a979dfce1078657",
      "upload_timestamp": "2025-08-04T08:01:36.537358Z"
    },
    {
      "file_path": "TrustEngine.py",
      "file_hash": "3446180624e5a8d5d22ba33e9cca013076083d435b5b8b52e4001ff76d7c6ac6",
      "ipfs_cid": "Qm9918fc0b4a9817140f74681c21f270d009388e83e1dc",
      "upload_timestamp": "2025-08-04T08:01:36.537373Z"
    },
    {
      "file_path": "CLAUDE_OPUS_RECURSIVE_ANALYSIS_ENGINE.py",
      "file_hash": "259cbe14eac37bcbb7310129523c8baab08259ad364936497b3c1a8fafedeecf",
      "ipfs_cid": "Qm18cfa28a0e2c89770cdd0dc8a631bbd96e86bfee00bb",
      "upload_timestamp": "2025-08-04T08:01:36.537387Z"
    },
    {
      "file_path": "WalletPlus.py",
      "file_hash": "b1da5cb54b1dd0abe3d0ab31a9322f464c5a4f2a3ed411f5c65e74bb152b7902",
      "ipfs_cid": "Qm2d5cf52673058ad3ef5f26d6b6270c7176278379f5e6",
      "upload_timestamp": "2025-08-04T08:01:36.537401Z"
    },
    {
      "file_path": "trinary_audit_engine.py",
      "file_hash": "07b6cd800bad031de3c307e3267efe7aaafee068fa736c154db0931a5335350e",
      "ipfs_cid": "Qm30856df98021fe7d0ebfbf8cf98b21cf93bba16b120a",
      "upload_timestamp": "2025-08-04T08:01:36.537416Z"
    },
    {
      "file_path": "CURZI_ZEDEI_AUDIT_REMEDIATE_OPTIMIZATION.py",
      "file_hash": "c7e092c372ad10b894998fc4ead4fdb43f52c026de4ab3b2bb45e28841ad740f",
      "ipfs_cid": "Qm76ff28cd457f2a98e57bdafc5b7f73d0c80796bc6808",
      "upload_timestamp": "2025-08-04T08:01:36.537430Z"
    },
    {
      "file_path": "cz_interface.py",
      "file_hash": "0a8d1ad298cae307ef266c22cf46e7da663c468d1fcf891adafc4fc2fe019752",
      "ipfs_cid": "Qm393ebd2ec849dd4fc253c427841a65fd6a8c699780a0",
      "upload_timestamp": "2025-08-04T08:01:36.537445Z"
    },
    {
      "file_path": "curzi_zedei_enhanced_interface.py",
      "file_hash": "6b4d425540896f965f0c9cd8d74a9f6f37d0538f8419d2c75cbd4d1f2ba22a66",
      "ipfs_cid": "Qm65d8414b3698dd485357c1ddcc51694401a18b2a8c69",
      "upload_timestamp": "2025-08-04T08:01:36.537459Z"
    },
    {
      "file_path": "curzi_zedei_interface.py",
      "file_hash": "4dd314939b275bdf991bb62e44e32d20d399e1dddee7c2956ecdfffa62b852e4",
      "ipfs_cid": "Qmcb9213dafe543cfb24b2b3eb510436ff85d2f552c700",
      "upload_timestamp": "2025-08-04T08:01:36.537473Z"
    },
    {
      "file_path": "FINAL_UNIFIED_DEPLOYMENT_SUMMARY.py",
      "file_hash": "d2dbaa90ef320bd8c40863828227c6b3463611680558fbaf886c852dcabf1bc2",
      "ipfs_cid": "Qmf2e31c1a7acbef363f2a7fa16033680f7ad31c7fc7f2",
      "upload_timestamp": "2025-08-04T08:01:36.537487Z"
    },
    {
      "file_path": "zedec_audit_kernel.py",
      "file_hash": "4d598ab47dae6f19dd324c5be31b7a8906398eeea4c68571e9dcfe0f497a68cf",
      "ipfs_cid": "Qm9b9bf70df8a26a6e0ed80a39e73f5ffdf2ee7e425fa7",
      "upload_timestamp": "2025-08-04T08:01:36.537502Z"
    },
    {
      "file_path": "HARMONIC_STABILIZATION_ENGINE.py",
      "file_hash": "49dc7447218d278214378ea0e460c4c12060b66f75b4ed47bf66d56166d95a1e",
      "ipfs_cid": "Qm83739f43ae3fdc580a5351b5a7bdc82e2dcedef9d048",
      "upload_timestamp": "2025-08-04T08:01:36.537516Z"
    },
    {
      "file_path": "Escrow.py",
      "file_hash": "09af25c4bad849e7f183045530c0a8ffdd7dcec6a9da8900c3fb9cad416e0988",
      "ipfs_cid": "Qmb8ecda925b864e040cff77a7e89aa02702d95f6aafcc",
      "upload_timestamp": "2025-08-04T08:01:36.537530Z"
    },
    {
      "file_path": "zhed_core.py",
      "file_hash": "beb7f9c850d14e79545c9e0d247a6de1208ba7f33c8d5bf9a7a42d4dfd07976e",
      "ipfs_cid": "Qm44a5bccd5ae341f6288205db7053fb176562af94d6b5",
      "upload_timestamp": "2025-08-04T08:01:36.537545Z"
    },
    {
      "file_path": "HARMONIC_RECALIBRATION_ENGINE.py",
      "file_hash": "7dff7419cc055fa091e9f6f16a0c682a355ea5344f2c6e0e1fca84baa11bb344",
      "ipfs_cid": "Qm6d738f53e6abeb1434cf8f651f6c08f2f3f8b286d0d8",
      "upload_timestamp": "2025-08-04T08:01:36.537559Z"
    },
    {
      "file_path": "recursive_1800_enhancement_engine.py",
      "file_hash": "5a745cd80af1654104afaf969c12ca685dcf040b2d0d39bf1119ba52d5103a0b",
      "ipfs_cid": "Qmb5ad596b3fd312290a8ac15aff23d2738b1ac28fe1d4",
      "upload_timestamp": "2025-08-04T08:01:36.537574Z"
    },
    {
      "file_path": "ZEDEC_PLANETARY_LAUNCH_ORCHESTRATOR.py",
      "file_hash": "5f2f8f750279205f6e6350fd23e0d7c67bbb19b0030e4555661586b044f8659c",
      "ipfs_cid": "Qm82d280ca036c6d34273a998bd0a5549199a6893a5026",
      "upload_timestamp": "2025-08-04T08:01:36.537589Z"
    },
    {
      "file_path": "CURZI_ZEDEI_AUDIT_EXECUTE_CODE_ANALYSIS.py",
      "file_hash": "4366adc8f542a4e3a410b50c98f677409fb77289ae9e0251b64bf1ad6f8e1ad5",
      "ipfs_cid": "Qmaaa0af05242b8bc5d7c55339ceb7d35c2bd69e1bebba",
      "upload_timestamp": "2025-08-04T08:01:36.537603Z"
    },
    {
      "file_path": "ZEDEC_UNIFIED_HARMONIC_CORE.py",
      "file_hash": "cdffc50c17d21c11228b99ccba718a0967b4d0d90687c842bee8cf8a6424813c",
      "ipfs_cid": "Qm1b93d6a4e8258df0efa7f28ed344e11f9e7e810e71da",
      "upload_timestamp": "2025-08-04T08:01:36.537618Z"
    },
    {
      "file_path": "trinary_audit_engine_extended.py",
      "file_hash": "29a7c1da7df4ea16208e9e59d5e014be3eddce927eb96aa05402e49a46efc709",
      "ipfs_cid": "Qm4e7a97ab8607b5dacaec96133786ebb813d7217fa6c3",
      "upload_timestamp": "2025-08-04T08:01:36.537633Z"
    },
    {
      "file_path": "CURZI-ZEDEI_AUDIT_ENGINE.py",
      "file_hash": "df711c133063b1eb5d94f369e56c51f37bdcf47a90ec9f4cf5fb27eccd8b4b29",
      "ipfs_cid": "Qmadf74388d68cfacbe444ba2dcdebcfd47e574a4c807b",
      "upload_timestamp": "2025-08-04T08:01:36.537647Z"
    },
    {
      "file_path": "curzi_zedei/core/cz_layer3_reporter.py",
      "file_hash": "b57570969e03c95306bceb652f05f02bc1744379e3ddf21db272da78cb4433b7",
      "ipfs_cid": "Qm06a369796611009420c4be212802546bc4f21b5a1fb9",
      "upload_timestamp": "2025-08-04T08:01:36.537664Z"
    },
    {
      "file_path": "curzi_zedei/core/cz_layer1_corrector.py",
      "file_hash": "43aa31e6e739f18d791c65fcf824eb25dbaabd761444558bfe44909ede5529a3",
      "ipfs_cid": "Qm5ec4a9bc8b11d5064f93ae9f52aaf2c6a558fc490133",
      "upload_timestamp": "2025-08-04T08:01:36.537680Z"
    },
    {
      "file_path": "curzi_zedei/core/cz_layer1_validator.py",
      "file_hash": "7dad486662ee7add9fcc478892d22d0604f72753e5db27cd0505a9a4460255f9",
      "ipfs_cid": "Qm7120d634bd0cd41c7a03b0bfde06585c2e0cf467ab49",
      "upload_timestamp": "2025-08-04T08:01:36.537695Z"
    },
    {
      "file_path": "curzi_zedei/core/cz_layer2_reporter.py",
      "file_hash": "685a5ae48e971e8491cedef1655ddb5cc8b1410616f9c5c48337721a6c867a07",
      "ipfs_cid": "Qmcfec24663a9fef3d1ff9d3cbfffae44a911ea8221a9d",
      "upload_timestamp": "2025-08-04T08:01:36.537711Z"
    },
    {
      "file_path": "curzi_zedei/core/zhed_core.py",
      "file_hash": "5b06b8dec0e1bb35f950645b4a932d0047cb06f8fe70fd926de7f3bca260a539",
      "ipfs_cid": "Qm224fd7a6190347c431f96ad505985e40e95241b14456",
      "upload_timestamp": "2025-08-04T08:01:36.537726Z"
    },
    {
      "file_path": "curzi_zedei/core/cz_layer1_reporter.py",
      "file_hash": "df6143dda035a788d5e4caa349f764ea4f2f893d8c32c27177e71c854f6b5ae9",
      "ipfs_cid": "Qmc02734c3b906dbbce7d6ba14f199928bdb29bba5924c",
      "upload_timestamp": "2025-08-04T08:01:36.537741Z"
    },
    {
      "file_path": "curzi_zedei/mid/cz_layer2_corrector.py",
      "file_hash": "faeb690401dfdfb10b71655b4193d0902a5ab59d4aaa54f9d7823455a737ab7b",
      "ipfs_cid": "Qma2a93f0154369a1ebdff6a5aa8d149c1ffce9ca032f1",
      "upload_timestamp": "2025-08-04T08:01:36.537756Z"
    },
    {
      "file_path": "curzi_zedei/mid/cz_layer2_reporter.py",
      "file_hash": "d17cf2826fc0152c78d6b04e46ec86752f99c61af44b10e4c17945197e8ce2d8",
      "ipfs_cid": "Qmf35348cd89e3347c25f5ac8786e11bd858c2b6f7eb5b",
      "upload_timestamp": "2025-08-04T08:01:36.537771Z"
    },
    {
      "file_path": "curzi_zedei/mid/cz_layer2_validator.py",
      "file_hash": "5a5adf0a7ce2489afd7aedc57d69c0a20e72c3eaaa3378f0fc969a468498cc37",
      "ipfs_cid": "Qma533d59b34e78ec2588190986791c3bbc81b21b98016",
      "upload_timestamp": "2025-08-04T08:01:36.537788Z"
    },
    {
      "file_path": "curzi_zedei/deep/cz_layer3_reporter.py",
      "file_hash": "54a5f3430041f1d22be88dfea5eaf823848e6f1020fbb02f46085f42d7ad9f60",
      "ipfs_cid": "Qmefc211be40f96f736346d3ad88bf2a7df564f68f2162",
      "upload_timestamp": "2025-08-04T08:01:36.537804Z"
    },
    {
      "file_path": "curzi_zedei/deep/cz_layer3_validator.py",
      "file_hash": "b55983c769c18906b2cee460abed038144a9c881555402f972f1831b03b94c0d",
      "ipfs_cid": "Qmf56ed877f566de50487c07562a99f5717026a61c84ab",
      "upload_timestamp": "2025-08-04T08:01:36.537819Z"
    },
    {
      "file_path": "curzi_zedei/deep/cz_layer3_corrector.py",
      "file_hash": "d37e4de63301db8c5302e728830c71c235432dde79900a9174f0fa7a9f7f0165",
      "ipfs_cid": "Qm4a7ef6a61cc1cd2c9664600c827b7c7b657c7f1d7a7a",
      "upload_timestamp": "2025-08-04T08:01:36.537836Z"
    },
    {
      "file_path": "curzi_zedei/omni/zhed_core.py",
      "file_hash": "fecde25f6530d1d5c1331871d536a63942aece54a61a186548ff3039c84f126c",
      "ipfs_cid": "Qm1f1766a3f9b81cab89ebca5979b9f5540e4cbe039d3e",
      "upload_timestamp": "2025-08-04T08:01:36.537851Z"
    },
    {
      "file_path": "fields/electromagnetic_field.py",
      "file_hash": "225ab1d58c9c0e29068baf80275f3fde0d669267888f39ea1d60b4542c95e066",
      "ipfs_cid": "Qm89df7f99c10df718550ff714c5c1d58635d061dc3091",
      "upload_timestamp": "2025-08-04T08:01:36.537866Z"
    },
    {
      "file_path": "fields/__init__.py",
      "file_hash": "6d9902af1a7b288cfa5ddcb1203e22b9e58babc2442442a31b3d6b781f81dd0d",
      "ipfs_cid": "Qma5a23b0f18f20486c39ec2e5724f9dc6294a3036e90f",
      "upload_timestamp": "2025-08-04T08:01:36.537881Z"
    },
    {
      "file_path": "fields/higgs_zero_point_field.py",
      "file_hash": "24c86e7327076f2d927702d261ed676a8f8a3545d6032edfc3d63e671caa3d2c",
      "ipfs_cid": "Qme89faf759ed340d19ff87c6f0833621c46d6b6c71c43",
      "upload_timestamp": "2025-08-04T08:01:36.537896Z"
    },
    {
      "file_path": "fields/magnetoelectric_field.py",
      "file_hash": "9a8cc7e6f5542b05d83cdcae082b2d53985c83b60a5c801a9af31734dc0ed3b8",
      "ipfs_cid": "Qm7d871e66c290242d9f477a84133e9f4dd37dac213d28",
      "upload_timestamp": "2025-08-04T08:01:36.537910Z"
    },
    {
      "file_path": "_archive/AUDIT_REMEDIATION_ENGINE.py",
      "file_hash": "5ff07f3bfa5b3370387879a329825b12690616d537d0710a382a20a653811f58",
      "ipfs_cid": "Qma72d97cbcf25f5d8cb89f9c7dbd01a8b2ea29f5f650a",
      "upload_timestamp": "2025-08-04T08:01:36.537925Z"
    },
    {
      "file_path": "_archive/cz_layer3_reporter.py",
      "file_hash": "ce9ed6f29fd5dcf7ead68ba5617eff31098b08fb2f38be8be677f362f8088eed",
      "ipfs_cid": "Qmd8cb68cd776713456d0d2e1d72cd7088bf48a844dc24",
      "upload_timestamp": "2025-08-04T08:01:36.537940Z"
    },
    {
      "file_path": "_archive/CLAUDE_OPUS_FULL_SYSTEM_AUDIT.py",
      "file_hash": "1039e8df409c61427ad5f4d19e6e0a5095830b72bfccc8c86846ca2d277fb05b",
      "ipfs_cid": "Qmd8dca4a71ee045042ffdaadebe4ff531409eceede9fc",
      "upload_timestamp": "2025-08-04T08:01:36.537955Z"
    },
    {
      "file_path": "_archive/CLAUDE_OPUS_RECURSIVE_ANALYSIS_ENGINE_V1_1.py",
      "file_hash": "ea8f90daa39d87b6c49ffd7dc4f2330f92eed2406bfc502bbf7c572c154b7270",
      "ipfs_cid": "Qm09accf85a22b4841480fd29b66ac6ff7ab83906c4fb5",
      "upload_timestamp": "2025-08-04T08:01:36.537970Z"
    },
    {
      "file_path": "_archive/CURZI_ZEDEI_AUDIT_CORE_B2.py",
      "file_hash": "ebd2aa170a18769aee047756dd158ad2d99456a065d5e67702289d8cdd16ce6c",
      "ipfs_cid": "Qm0dee594cba2f3fccf71bb10918efee4c9982dc76d9fe",
      "upload_timestamp": "2025-08-04T08:01:36.537985Z"
    },
    {
      "file_path": "_archive/CURZI_ZEDEI_AUDIT_CORE_C2.py",
      "file_hash": "9789a5ef8bf35e93aa8244cf3cc6234498f6b9dfdb963b72b8238756818e80d6",
      "ipfs_cid": "Qm397fd6efbe8bbf945da746e007006ce872aa98feb5da",
      "upload_timestamp": "2025-08-04T08:01:36.538000Z"
    },
    {
      "file_path": "_archive/CLAUDE_OPUS_SYSTEM_AUDIT_AND_ELEVATION_ENGINE.py",
      "file_hash": "3f03dc76b9e24aed19f732234a699a02e3017e388117102ad10c78e8a2c77566",
      "ipfs_cid": "Qmf6e128e565e29d4f7ae22b5eb1c0a9133a69d1f575fb",
      "upload_timestamp": "2025-08-04T08:01:36.538015Z"
    },
    {
      "file_path": "_archive/CLAUDE_OPUS_DEPLOYMENT_SUPERVISORS.py",
      "file_hash": "1713cfa220a2e3977298031ba3f81c1ad834085f35c71b29d1c253f8715159a4",
      "ipfs_cid": "Qm47979e5148d8c9312b97e88b07ce8d573660ccd8fd77",
      "upload_timestamp": "2025-08-04T08:01:36.538030Z"
    },
    {
      "file_path": "_archive/CURZI_ZEDEI_AUDIT_CORE_A2.py",
      "file_hash": "d537add9b53bfde090f8968c5a8946e81402cca858d4a6d3dba27bbc39b8ca33",
      "ipfs_cid": "Qm802687b3faaeae1416e82570fc7df30051837cadec49",
      "upload_timestamp": "2025-08-04T08:01:36.538045Z"
    },
    {
      "file_path": "_archive/CURZI_ZEDEI_AUDIT_CORE_A3.py",
      "file_hash": "5f5a2aa463204c3a28938d0ad8084765c1ca2a1b17f7b7243885d70fbb957d9b",
      "ipfs_cid": "Qm752438d91572498eaa8545a0b9f860760e9043e2c3e9",
      "upload_timestamp": "2025-08-04T08:01:36.538059Z"
    },
    {
      "file_path": "_archive/CURZI_ZEDEI_AUDIT_CORE_B3.py",
      "file_hash": "4631a9d13e808ae79e1ee850220c6f3717fca475c32f5f36d424aaa5e04e76fa",
      "ipfs_cid": "Qm3060afca39ab72b4fbe6f197aebc636f9e65721423a8",
      "upload_timestamp": "2025-08-04T08:01:36.538074Z"
    },
    {
      "file_path": "_archive/CLAUDE_OPUS_RECURSIVE_ANALYSIS_ENGINE.py",
      "file_hash": "647f2b3da3c4ccfc9aa81c7e4f4b4ba73e4d419dce699d388f045b451342100d",
      "ipfs_cid": "Qm2754407d7592993162012e2702d58e45d36e14e2fb56",
      "upload_timestamp": "2025-08-04T08:01:36.538089Z"
    },
    {
      "file_path": "_archive/CURZI_ZEDEI_AUDIT_CORE_C3.py",
      "file_hash": "7ca9300b9796fd01210b0559a51430c2efe951b2e2fcad649537140b025258d3",
      "ipfs_cid": "Qm70470982efa9e7af6a4e89adf141c1434f3d541ac194",
      "upload_timestamp": "2025-08-04T08:01:36.538104Z"
    },
    {
      "file_path": "_archive/trinary_audit_engine.py",
      "file_hash": "5a703e78e5826f5e50b40aa85ee5a921cd7ec8a0ea8ff58f53b17bde5d98784c",
      "ipfs_cid": "Qm5f658f96555ccd41c4dced55a8224e8bc5d5e1925d4b",
      "upload_timestamp": "2025-08-04T08:01:36.538119Z"
    },
    {
      "file_path": "_archive/cz_interface.py",
      "file_hash": "54129fd88c41446aaf8da0318384b411015c3505676a9657fd4f237ce2bc4331",
      "ipfs_cid": "Qm14faf46a20abe95cd4b02604778508b9aca8a65fb27d",
      "upload_timestamp": "2025-08-04T08:01:36.538134Z"
    },
    {
      "file_path": "_archive/cz_layer3_validator.py",
      "file_hash": "dc183addc156bc264437d5b7552c02f20f3b371ae50b48199a9c3108389e7b75",
      "ipfs_cid": "Qm8c58f21c16d961ee51b5ee658e2a520708a6a852b2f7",
      "upload_timestamp": "2025-08-04T08:01:36.538149Z"
    },
    {
      "file_path": "_archive/cz_layer2_corrector.py",
      "file_hash": "5e25b7e7003ab2fd1e1deef81cbc71a053b7707267eac5af5bfa6923577165e3",
      "ipfs_cid": "Qmf64627f5a1daa25a33fec020bdbd970af094aa415132",
      "upload_timestamp": "2025-08-04T08:01:36.538164Z"
    },
    {
      "file_path": "_archive/cz_layer2_reporter.py",
      "file_hash": "9543bbed1782a7e16e148f1a35d359cdfd27953ae832eb595ae6c29808442f28",
      "ipfs_cid": "Qm861d28c0aba5061fe72bc127f52f903ba27522ac871b",
      "upload_timestamp": "2025-08-04T08:01:36.538179Z"
    },
    {
      "file_path": "_archive/CURZI_ZEDEI_AUDIT_CORE_B1.py",
      "file_hash": "fa0c63bfa7104362325d993ce1de18706f6b5edf0081dfa4231eb132cba8531c",
      "ipfs_cid": "Qm3fc8a2dd0ca2d6756bc357f7a20cb738273a5d9980fb",
      "upload_timestamp": "2025-08-04T08:01:36.538196Z"
    },
    {
      "file_path": "_archive/CURZI_ZEDEI_AUDIT_CORE_C1.py",
      "file_hash": "31a93a807d6319053d879576c704b1d7fc369c7c3b2c93dab9745a2841c923ee",
      "ipfs_cid": "Qm0ca278a652a903f4f4e073d48bad94f3254261d759f9",
      "upload_timestamp": "2025-08-04T08:01:36.538211Z"
    },
    {
      "file_path": "_archive/CURZI_ZEDEI_AUDIT_CORE_A1.py",
      "file_hash": "44571af865942588abbcd3c03b3e0a6bbfa1fa63b665987adaef0c1f17d09882",
      "ipfs_cid": "Qmec31e5f5c296423b97f070bf2e229f1c958b1c34bf2d",
      "upload_timestamp": "2025-08-04T08:01:36.538225Z"
    },
    {
      "file_path": "_archive/cz_layer2_validator.py",
      "file_hash": "c5e5a2e8e325e6e71a4de9b434826188774ed652f110c74dbe178239d97c7d0e",
      "ipfs_cid": "Qm1239d593f771aa6bdd481fc7e6635ba8a619eb7f7419",
      "upload_timestamp": "2025-08-04T08:01:36.538240Z"
    },
    {
      "file_path": "_archive/cz_layer3_corrector.py",
      "file_hash": "9389f5c8d44c62c2307085097002bc0f2eb7d2c68587ad36c2141faf10c51e76",
      "ipfs_cid": "Qmf006eadfae959a5a92334db9a82181dedb0066d4d214",
      "upload_timestamp": "2025-08-04T08:01:36.538258Z"
    },
    {
      "file_path": "_archive/zhed_core.py",
      "file_hash": "976edc1bcb833018863ae138a044fb10567c02c2de2b96514515936f5b6b2fd5",
      "ipfs_cid": "Qm15d9909ded4ae0e4902d918417443f2e7e4503ed6356",
      "upload_timestamp": "2025-08-04T08:01:36.538273Z"
    },
    {
      "file_path": "_archive/zedec_trinary_vortex_audit_integrator.py",
      "file_hash": "e2f4a12c42b39ba55cdfbaa3810a8732ea43eda53b5e4fe26f372f2dad8cf1f6",
      "ipfs_cid": "Qm771a1515e1e718e269214111be302e62b3251bab0d84",
      "upload_timestamp": "2025-08-04T08:01:36.538288Z"
    },
    {
      "file_path": "_archive/cz_layer1_reporter.py",
      "file_hash": "76cd360b402f71252a60645e0395bbd847ddf3c2c4def2753cc0f2e2ffd5819c",
      "ipfs_cid": "Qmcf059fb6adf79cf2eb5619e1587ad15d0c517c57ab1e",
      "upload_timestamp": "2025-08-04T08:01:36.538302Z"
    },
    {
      "file_path": "_archive/trinary_audit_engine_extended.py",
      "file_hash": "843e333a4a79352f8dd3a948e31de7db1eeb927e7740892209eeeb8227abc2af",
      "ipfs_cid": "Qmee31994ce09eb1552e4d436ce579ed289fa29feb1824",
      "upload_timestamp": "2025-08-04T08:01:36.538317Z"
    },
    {
      "file_path": "_archive/CURZI-ZEDEI_AUDIT_ENGINE.py",
      "file_hash": "cc69e7235bb7bc0230aa9b15c6616abc27b98848640d3f2536db18370c430728",
      "ipfs_cid": "Qm7bff2d99ac742885a2d81ba84c9fc86a9a289493d499",
      "upload_timestamp": "2025-08-04T08:01:36.538331Z"
    }
  ],
  "ipfs_status": "complete",
  "total_files_uploaded": 89
}