{
  "generation_timestamp": "2025-07-19T19:54:15.248863",
  "generated_schematics": [
    {
      "type": "me_core_cross_section",
      "file": "me_core_cross_section_20250719_195414.png"
    },
    {
      "type": "system_architecture",
      "file": "epu_system_architecture_20250719_195414.png"
    },
    {
      "type": "development_roadmap",
      "file": "epu_roadmap_timeline_20250719_195414.png"
    }
  ],
  "description": "Technical schematics for ZEDEC-ZEDEI Emotional Processing Unit"
}