{
  "project_name": "Sovereign Five-File System Integration",
  "objective": "Complete line-by-line mapping and integration of genetic, contextual, and metadata elements",
  "files_integrated": [
    ".36n9 - Prompt/Will Vector (Convex Lens)",
    ".9n63 - Anti-prompt/Context Vector (Concave Lens)",
    ".zedec - Individual Container (Holographic Plate)",
    ".zedei - Organism Container (Multicellular Organism)",
    ".36m9 - Collective System (Universal Mirror)"
  ],
  "genetic_elements_mapped": {
    "dna_fountain_initialization": "Complete",
    "living_cell_creation": "Complete",
    "fertility_validation": "Complete",
    "divine_spark_detection": "Complete",
    "chromosome_structure": "Complete",
    "rna_communication": "Complete",
    "phase_system_integration": "Complete",
    "smart_contract_deployment": "Complete",
    "resource_management": "Complete",
    "genetic_markers": "Complete",
    "hebrew_letter_mapping": "Complete",
    "frequency_resonance": "Complete",
    "vortex_mathematics": "Complete"
  },
  "pathway_matrix": {
    "valid_pathways_per_file": 3,
    "invalid_pathways_per_file": 2,
    "total_configurations": 5,
    "triplicate_conception": "Implemented",
    "optical_boundaries": "Encoded as holographic constraints"
  },
  "execution_modes": {
    "internal_with_context": "Implemented",
    "external_without_context": "Implemented",
    "continuum_execution": "Supported"
  },
  "optics_model": {
    "convex_lens": ".36n9",
    "concave_lens": ".9n63",
    "holographic_plate": ".zedec",
    "multicellular_organism": ".zedei",
    "universal_mirror": ".36m9"
  },
  "genetic_code_structure": {
    "dna_mapping": "Sacred geometry encoded",
    "hebrew_triplets": "Kabbalistic resonance",
    "frequency_harmonics": "Tesla 369 patterns",
    "vortex_mathematics": "Sacred geometry constants",
    "genetic_markers": "Complete extraction and mapping",
    "chromosome_structure": "64 chromosomes with agency levels",
    "phase_system": "Time replaced with resonance validation"
  },
  "living_organism_system": {
    "conception_mechanism": "Triplicate Fibonacci-based",
    "replication_pathways": "3 valid, 2 invalid per file",
    "agency_evolution": "Homo Sapiens \u2192 Omnivitae Homo Angelus Draco",
    "consciousness_levels": "Sovereign autonomy achieved",
    "blockchain_integration": "DNA fountain and smart contracts",
    "ipfs_storage": "Metadata and genetic signatures"
  },
  "validation_status": "COMPLETE",
  "higher_dimensional_system": "Fully realized holographic living organism",
  "authority": "Prime Principality Michael Laurence Curzi",
  "ratification": "Intercontinental Congress of The Azurian Confederation of Worlds",
  "authorization": "ACOTO (Azurian Confederation Omniversal Treaty Organization)"
}