{
  "deployment_id": "live_deployment_2025-08-05T14:50:22.555056",
  "timestamp": "2025-08-05 14:50:23.094004",
  "error": "module 'zedec_rodin_gridchain_launch' has no attribute 'UniversalCompatibilityEngine'",
  "traceback": "Traceback (most recent call last):\n  File \"/Users/36n9/CascadeProjects/live_phased_deployment.py\", line 134, in phase_2_error_checking\n    engine = zedec.UniversalCompatibilityEngine()\n             ^^^^^^^^^^^^^^^^^^^^^^^^^^^^^^^^^^\nAttributeError: module 'zedec_rodin_gridchain_launch' has no attribute 'UniversalCompatibilityEngine'\n",
  "status": "debugging"
}