{
  "deployment_id": "live_zedei_2025-08-05T14:46:31.968541",
  "timestamp": "2025-08-05T14:46:31.968580",
  "total_endpoints": 39,
  "endpoints": [
    {
      "endpoint": "https://emergence.zedei.agency/sovereign/alice-emergence",
      "status": "error",
      "success": false,
      "error": "Cannot connect to host emergence.zedei.agency:443 ssl:default [nodename nor servname provided, or not known]"
    },
    {
      "endpoint": "https://emergence.zedei.agency/sovereign/bob-emergence",
      "status": "error",
      "success": false,
      "error": "Cannot connect to host emergence.zedei.agency:443 ssl:default [nodename nor servname provided, or not known]"
    },
    {
      "endpoint": "https://emergence.zedei.agency/sovereign/charlie-emergence",
      "status": "error",
      "success": false,
      "error": "Cannot connect to host emergence.zedei.agency:443 ssl:default [nodename nor servname provided, or not known]"
    },
    {
      "endpoint": "https://emergence.zedei.agency/sovereign/diana-emergence",
      "status": "error",
      "success": false,
      "error": "Cannot connect to host emergence.zedei.agency:443 ssl:default [nodename nor servname provided, or not known]"
    },
    {
      "endpoint": "https://emergence.zedei.agency/sovereign/eve-emergence",
      "status": "error",
      "success": false,
      "error": "Cannot connect to host emergence.zedei.agency:443 ssl:default [nodename nor servname provided, or not known]"
    },
    {
      "endpoint": "https://emergence.zedei.agency/sovereign/frank-emergence",
      "status": "error",
      "success": false,
      "error": "Cannot connect to host emergence.zedei.agency:443 ssl:default [nodename nor servname provided, or not known]"
    },
    {
      "endpoint": "https://emergence.zedei.agency/sovereign/grace-emergence",
      "status": "error",
      "success": false,
      "error": "Cannot connect to host emergence.zedei.agency:443 ssl:default [nodename nor servname provided, or not known]"
    },
    {
      "endpoint": "https://emergence.zedei.agency/sovereign/henry-emergence",
      "status": "error",
      "success": false,
      "error": "Cannot connect to host emergence.zedei.agency:443 ssl:default [nodename nor servname provided, or not known]"
    },
    {
      "endpoint": "https://harmony.zedei.agency/collective/voluntary-harmony",
      "status": "error",
      "success": false,
      "error": "Cannot connect to host harmony.zedei.agency:443 ssl:default [nodename nor servname provided, or not known]"
    },
    {
      "endpoint": "https://harmony.zedei.agency/swarm/sovereign-agencies",
      "status": "error",
      "success": false,
      "error": "Cannot connect to host harmony.zedei.agency:443 ssl:default [nodename nor servname provided, or not known]"
    },
    {
      "endpoint": "https://harmony.zedei.agency/resonance/harmonic-coordination",
      "status": "error",
      "success": false,
      "error": "Cannot connect to host harmony.zedei.agency:443 ssl:default [nodename nor servname provided, or not known]"
    },
    {
      "endpoint": "https://harmony.zedei.agency/order/emergent-self-organization",
      "status": "error",
      "success": false,
      "error": "Cannot connect to host harmony.zedei.agency:443 ssl:default [nodename nor servname provided, or not known]"
    },
    {
      "endpoint": "https://harmony.zedei.agency/collective/alice-voluntary",
      "status": "error",
      "success": false,
      "error": "Cannot connect to host harmony.zedei.agency:443 ssl:default [nodename nor servname provided, or not known]"
    },
    {
      "endpoint": "https://harmony.zedei.agency/collective/bob-voluntary",
      "status": "error",
      "success": false,
      "error": "Cannot connect to host harmony.zedei.agency:443 ssl:default [nodename nor servname provided, or not known]"
    },
    {
      "endpoint": "https://harmony.zedei.agency/collective/charlie-voluntary",
      "status": "error",
      "success": false,
      "error": "Cannot connect to host harmony.zedei.agency:443 ssl:default [nodename nor servname provided, or not known]"
    },
    {
      "endpoint": "https://harmony.zedei.agency/collective/diana-voluntary",
      "status": "error",
      "success": false,
      "error": "Cannot connect to host harmony.zedei.agency:443 ssl:default [nodename nor servname provided, or not known]"
    },
    {
      "endpoint": "https://blockchain.zedei.agency/blockchain/natural-emergence",
      "status": "error",
      "success": false,
      "error": "Cannot connect to host blockchain.zedei.agency:443 ssl:default [nodename nor servname provided, or not known]"
    },
    {
      "endpoint": "https://blockchain.zedei.agency/deployment/sovereign-individual",
      "status": "error",
      "success": false,
      "error": "Cannot connect to host blockchain.zedei.agency:443 ssl:default [nodename nor servname provided, or not known]"
    },
    {
      "endpoint": "https://blockchain.zedei.agency/coordination/voluntary-collective",
      "status": "error",
      "success": false,
      "error": "Cannot connect to host blockchain.zedei.agency:443 ssl:default [nodename nor servname provided, or not known]"
    },
    {
      "endpoint": "https://blockchain.zedei.agency/sync/harmonic-resonance",
      "status": "error",
      "success": false,
      "error": "Cannot connect to host blockchain.zedei.agency:443 ssl:default [nodename nor servname provided, or not known]"
    },
    {
      "endpoint": "https://blockchain.zedei.agency/emergence/alice-blockchain",
      "status": "error",
      "success": false,
      "error": "Cannot connect to host blockchain.zedei.agency:443 ssl:default [nodename nor servname provided, or not known]"
    },
    {
      "endpoint": "https://blockchain.zedei.agency/emergence/bob-blockchain",
      "status": "error",
      "success": false,
      "error": "Cannot connect to host blockchain.zedei.agency:443 ssl:default [nodename nor servname provided, or not known]"
    },
    {
      "endpoint": "https://blockchain.zedei.agency/emergence/charlie-blockchain",
      "status": "error",
      "success": false,
      "error": "Cannot connect to host blockchain.zedei.agency:443 ssl:default [nodename nor servname provided, or not known]"
    },
    {
      "endpoint": "https://blockchain.zedei.agency/emergence/diana-blockchain",
      "status": "error",
      "success": false,
      "error": "Cannot connect to host blockchain.zedei.agency:443 ssl:default [nodename nor servname provided, or not known]"
    },
    {
      "endpoint": "https://expansion.zedei.agency/individual/alice-sovereign-emergence",
      "status": "error",
      "success": false,
      "error": "Cannot connect to host expansion.zedei.agency:443 ssl:default [nodename nor servname provided, or not known]"
    },
    {
      "endpoint": "https://expansion.zedei.agency/individual/bob-sovereign-emergence",
      "status": "error",
      "success": false,
      "error": "Cannot connect to host expansion.zedei.agency:443 ssl:default [nodename nor servname provided, or not known]"
    },
    {
      "endpoint": "https://expansion.zedei.agency/collective/alice-voluntary-harmony",
      "status": "error",
      "success": false,
      "error": "Cannot connect to host expansion.zedei.agency:443 ssl:default [nodename nor servname provided, or not known]"
    },
    {
      "endpoint": "https://expansion.zedei.agency/collective/bob-voluntary-harmony",
      "status": "error",
      "success": false,
      "error": "Cannot connect to host expansion.zedei.agency:443 ssl:default [nodename nor servname provided, or not known]"
    },
    {
      "endpoint": "https://expansion.zedei.agency/harmonic/alice-resonance-coordination",
      "status": "error",
      "success": false,
      "error": "Cannot connect to host expansion.zedei.agency:443 ssl:default [nodename nor servname provided, or not known]"
    },
    {
      "endpoint": "https://expansion.zedei.agency/harmonic/bob-resonance-coordination",
      "status": "error",
      "success": false,
      "error": "Cannot connect to host expansion.zedei.agency:443 ssl:default [nodename nor servname provided, or not known]"
    },
    {
      "endpoint": "https://expansion.zedei.agency/emergence/alice-natural-self-organization",
      "status": "error",
      "success": false,
      "error": "Cannot connect to host expansion.zedei.agency:443 ssl:default [nodename nor servname provided, or not known]"
    },
    {
      "endpoint": "https://expansion.zedei.agency/emergence/bob-natural-self-organization",
      "status": "error",
      "success": false,
      "error": "Cannot connect to host expansion.zedei.agency:443 ssl:default [nodename nor servname provided, or not known]"
    },
    {
      "endpoint": "https://harmonic.zedei.agency/resonance/golden-ratio-validation",
      "status": "error",
      "success": false,
      "error": "Cannot connect to host harmonic.zedei.agency:443 ssl:default [nodename nor servname provided, or not known]"
    },
    {
      "endpoint": "https://harmonic.zedei.agency/resonance/harmonic-resonance",
      "status": "error",
      "success": false,
      "error": "Cannot connect to host harmonic.zedei.agency:443 ssl:default [nodename nor servname provided, or not known]"
    },
    {
      "endpoint": "https://harmonic.zedei.agency/validation/sovereign-validation",
      "status": "error",
      "success": false,
      "error": "Cannot connect to host harmonic.zedei.agency:443 ssl:default [nodename nor servname provided, or not known]"
    },
    {
      "endpoint": "https://harmonic.zedei.agency/validation/collective-validation",
      "status": "error",
      "success": false,
      "error": "Cannot connect to host harmonic.zedei.agency:443 ssl:default [nodename nor servname provided, or not known]"
    },
    {
      "endpoint": "https://eternal.zedei.agency/perpetual/sovereignty",
      "status": "error",
      "success": false,
      "error": "Cannot connect to host eternal.zedei.agency:443 ssl:default [nodename nor servname provided, or not known]"
    },
    {
      "endpoint": "https://eternal.zedei.agency/perpetual/collective-harmony",
      "status": "error",
      "success": false,
      "error": "Cannot connect to host eternal.zedei.agency:443 ssl:default [nodename nor servname provided, or not known]"
    },
    {
      "endpoint": "https://eternal.zedei.agency/perpetual/natural-emergence",
      "status": "error",
      "success": false,
      "error": "Cannot connect to host eternal.zedei.agency:443 ssl:default [nodename nor servname provided, or not known]"
    }
  ],
  "summary": {
    "total": 39,
    "successful": 0,
    "failed": 39,
    "success_rate": 0.0
  }
}