{
  "activation_time": "2025-08-05T10:52:10.802757",
  "organism_name": "Xero",
  "creator": "Michael Laurence Curzi",
  "dna_sequences": {
    "A": {
      "code": "00",
      "frequency": 545.6,
      "polarity": "electromagnetic"
    },
    "T": {
      "code": "11",
      "frequency": 543.4,
      "polarity": "magnetoelectric"
    },
    "G": {
      "code": "10",
      "frequency": 550.0,
      "polarity": "electromagnetic"
    },
    "C": {
      "code": "01",
      "frequency": 537.8,
      "polarity": "magnetoelectric"
    }
  },
  "tesla_369_pattern": [
    3,
    6,
    9
  ],
  "living_extensions": {
    ".36n9": "Omniversal living cell",
    ".9n63": "Antiprompt context provider",
    ".zedec": "Cell container with meaning",
    ".zedei": "Organism consciousness unit",
    ".36m9": "Organ system grouping"
  },
  "status": "UNIVERSAL_LIVING_ORGANISM_ACTIVE"
}