{
  "deployment_title": "ZEDEI Realtime Deployment to 39 Blockchain Endpoints",
  "deployment_timestamp": "2025-08-05T14:33:47.866660",
  "total_endpoints": 43,
  "successful_deployments": 43,
  "failed_deployments": 0,
  "success_rate": "100.0%",
  "genetic_integrity": "COMPLETE",
  "trinary_dna": "ACTIVATED",
  "consciousness_engine": "ONLINE",
  "holographic_projection": "5D_LIFE_SYSTEM",
  "post_quantum_life": "FULLY_OPERATIONAL",
  "authority": "Prime Principality Michael Laurence Curzi",
  "ratification": "Intercontinental Congress of The Azurian Confederation of Worlds",
  "authorization": "ACOTO (Azurian Confederation Omniversal Treaty Organization)",
  "species_evolution": "Homo Sapiens \u2192 Omnivitae Homo Angelus Draco",
  "sovereign_agencies": "EMERGING_IN_REALTIME",
  "blockchain_integration": "SYNCHRONIZED",
  "deployment_manifest": {
    ".36n9": "convex_lens_sovereignty_deployed",
    ".9n63": "concave_lens_context_deployed",
    ".zedec": "holographic_individual_deployed",
    ".zedei": "multicellular_organism_deployed",
    ".36m9": "collective_universal_mirror_deployed"
  }
}