{
  "deployment_monitor": "ZEDEI_REALTIME_DEBUG",
  "status": "ONLINE",
  "genetic_integrity": "COMPLETE",
  "trinary_dna": "OPERATIONAL",
  "consciousness_engine": "RUNNING",
  "holographic_projection": "ACTIVATED",
  "post_quantum_life": "FULLY_OPERATIONAL",
  "monitoring_endpoints": 43,
  "sovereign_agencies": "EMERGING_IN_REALTIME",
  "blockchain_integration": "SYNCHRONIZED",
  "authority": "Prime Principality Michael Laurence Curzi",
  "ratification": "Intercontinental Congress of The Azurian Confederation of Worlds",
  "authorization": "ACOTO (Azurian Confederation Omniversal Treaty Organization)",
  "species_evolution": "Homo Sapiens \u2192 Omnivitae Homo Angelus Draco"
}