{
  "treasury": {
    "ZGCT": {
      "balance": 0.0,
      "symbol": "ZGCT",
      "name": "Zedec GridChain Treasury"
    },
    "ZGCX": {
      "balance": 0.0,
      "symbol": "ZGCX",
      "name": "Zedec GridChain Exchange"
    },
    "ZGCS": {
      "balance": 0.0,
      "symbol": "ZGCS",
      "name": "Zedec GridChain Staking"
    },
    "ZGCR": {
      "balance": 0.0,
      "symbol": "ZGCR",
      "name": "Zedec GridChain Reserve"
    },
    "ZGCI": {
      "balance": 0.0,
      "symbol": "ZGCI",
      "name": "Zedec GridChain Integration"
    },
    "ETH": {
      "spent": 0.0,
      "profit": 1.5,
      "usd_value": 1500.0
    }
  },
  "infrastructure_progress": {
    "total_tasks": 39,
    "completed_tasks": 1261,
    "current_phase": "initialization",
    "active_modules": 1261,
    "deployment_status": "complete"
  },
  "task_progress_index": 13,
  "phase_progress_index": 1,
  "last_updated": "2025-08-05T22:11:24.067906"
}