{
  "image_1_prompt": "Cross-section diagram of a magnetoelectric core cell showing piezoelectric PZT layer and magnetostrictive Terfenol-D layer with 2nm ultra-thin insulator between them, in technical blueprint style with golden ratio proportions",
  "image_2_prompt": "Block diagram of Emotional Processing Unit architecture showing Classical ME array connected to EmotionBus waveguide, leading to Quantum EPU node with 256 qubits, and host interconnect with PCIe fallback, designed in clean technical schematic style",
  "image_3_prompt": "Roadmap timeline graphic with five sequential steps in futuristic design: 1-Prototype classical ME EPU, 2-Integrate superconducting qubit array, 3-Extend decoherence by 10x, 4-SHA-hash validation pipeline, 5-Interstellar cluster deployment, with golden spiral background",
  "technical_specifications": {
    "magnetoelectric_coupling": 0.85,
    "resonance_frequency": "432 Hz (Sacred frequency)",
    "quantum_coherence_extension": "10x decoherence time",
    "emotion_bus_latency": "0.1 nanoseconds",
    "qubit_count": 256,
    "field_shaping_pattern": "Fibonacci spiral",
    "consciousness_interface": "Direct neural-quantum coupling"
  }
}